league,season,team,player,nation,pos,age,born,MP,Starts,Min,90s,Gls,Ast,G+A,G-PK,PK,PKatt,CrdY,CrdR,xG,npxG,xAG,npxG+xAG,PrgC,PrgP,PrgR,Gls,Ast,G+A,G-PK,G+A-PK,xG,xAG,xG+xAG,npxG,npxG+xAG
ENG-Premier League,1920,Arsenal,Ainsley Maitland-Niles,ENG,DF,21,1997,20,15,1386,15.4,0,2,2,0,0,0,6,1,0.4,0.4,1.5,2.0,38,61,34,0.0,0.13,0.13,0.0,0.13,0.03,0.1,0.13,0.03,0.13
ENG-Premier League,1920,Arsenal,Alexandre Lacazette,FRA,FW,28,1991,30,22,1874,20.8,10,4,14,10,0,0,8,0,8.1,8.1,2.9,11.1,21,49,137,0.48,0.19,0.67,0.48,0.67,0.39,0.14,0.53,0.39,0.53
ENG-Premier League,1920,Arsenal,Bernd Leno,GER,GK,27,1992,30,30,2649,29.4,0,0,0,0,0,0,2,0,0.0,0.0,0.0,0.0,0,0,0,0.0,0.0,0.0,0.0,0.0,0.0,0.0,0.0,0.0,0.0
ENG-Premier League,1920,Arsenal,Bukayo Saka,ENG,"DF,FW",17,2001,26,19,1753,19.5,1,5,6,1,0,0,6,0,1.0,1.0,3.3,4.3,67,67,143,0.05,0.26,0.31,0.05,0.31,0.05,0.17,0.22,0.05,0.22
ENG-Premier League,1920,Arsenal,Calum Chambers,ENG,DF,24,1995,14,13,1102,12.2,1,1,2,1,0,0,5,0,0.8,0.8,1.6,2.4,16,45,67,0.08,0.08,0.16,0.08,0.16,0.06,0.13,0.2,0.06,0.2
ENG-Premier League,1920,Arsenal,Cédric Soares,POR,"MF,DF",27,1991,5,3,249,2.8,1,0,1,1,0,0,0,0,0.0,0.0,0.0,0.1,6,11,25,0.36,0.0,0.36,0.36,0.36,0.01,0.01,0.02,0.01,0.02
ENG-Premier League,1920,Arsenal,Dani Ceballos,ESP,MF,22,1996,24,18,1692,18.8,0,2,2,0,0,0,1,0,0.6,0.6,1.8,2.3,60,174,38,0.0,0.11,0.11,0.0,0.11,0.03,0.09,0.12,0.03,0.12
ENG-Premier League,1920,Arsenal,David Luiz,BRA,DF,32,1987,33,32,2809,31.2,2,1,3,2,0,0,5,2,1.6,1.6,0.9,2.5,21,106,4,0.06,0.03,0.1,0.06,0.1,0.05,0.03,0.08,0.05,0.08
ENG-Premier League,1920,Arsenal,Eddie Nketiah,ENG,FW,20,1999,13,7,633,7.0,2,0,2,2,0,0,0,1,3.1,3.1,0.6,3.7,19,16,38,0.28,0.0,0.28,0.28,0.28,0.45,0.08,0.53,0.45,0.53
ENG-Premier League,1920,Arsenal,Emile Smith Rowe,ENG,MF,19,2000,2,1,97,1.1,0,0,0,0,0,0,0,0,0.0,0.0,0.0,0.0,4,2,5,0.0,0.0,0.0,0.0,0.0,0.0,0.0,0.0,0.0,0.0
ENG-Premier League,1920,Arsenal,Emiliano Martínez,ARG,GK,26,1992,9,8,771,8.6,0,0,0,0,0,0,2,0,0.0,0.0,0.0,0.0,0,0,0,0.0,0.0,0.0,0.0,0.0,0.0,0.0,0.0,0.0,0.0
ENG-Premier League,1920,Arsenal,Gabriel Martinelli,BRA,FW,18,2001,14,6,663,7.4,3,0,3,3,0,0,1,0,2.2,2.2,0.1,2.3,31,12,65,0.41,0.0,0.41,0.41,0.41,0.29,0.01,0.31,0.29,0.31
ENG-Premier League,1920,Arsenal,Granit Xhaka,SUI,MF,26,1992,31,30,2586,28.7,1,2,3,1,0,0,10,0,0.5,0.5,1.0,1.5,38,237,33,0.03,0.07,0.1,0.03,0.1,0.02,0.03,0.05,0.02,0.05
ENG-Premier League,1920,Arsenal,Henrikh Mkhitaryan,ARM,FW,30,1989,3,1,112,1.2,0,0,0,0,0,0,1,0,0.3,0.3,0.3,0.6,3,8,19,0.0,0.0,0.0,0.0,0.0,0.26,0.21,0.47,0.26,0.47
ENG-Premier League,1920,Arsenal,Héctor Bellerín,ESP,"DF,MF",24,1995,15,13,1158,12.9,1,0,1,1,0,0,2,0,0.4,0.4,0.4,0.8,34,58,70,0.08,0.0,0.08,0.08,0.08,0.03,0.03,0.06,0.03,0.06
ENG-Premier League,1920,Arsenal,Joe Willock,ENG,"MF,FW",19,1999,29,8,857,9.5,1,1,2,1,0,0,2,0,1.6,1.6,1.1,2.7,39,41,51,0.11,0.11,0.21,0.11,0.21,0.17,0.11,0.28,0.17,0.28
ENG-Premier League,1920,Arsenal,Kieran Tierney,SCO,"DF,MF",22,1997,15,12,989,11.0,1,1,2,1,0,0,2,0,0.2,0.2,1.0,1.2,26,34,67,0.09,0.09,0.18,0.09,0.18,0.02,0.09,0.11,0.02,0.11
ENG-Premier League,1920,Arsenal,Lucas Torreira,URU,MF,23,1996,29,17,1512,16.8,1,1,2,1,0,0,7,0,1.4,1.4,0.8,2.2,13,83,20,0.06,0.06,0.12,0.06,0.12,0.08,0.05,0.13,0.08,0.13
ENG-Premier League,1920,Arsenal,Mattéo Guendouzi,FRA,MF,20,1999,24,19,1748,19.4,0,1,1,0,0,0,6,0,0.8,0.8,1.1,1.9,50,160,27,0.0,0.05,0.05,0.0,0.05,0.04,0.06,0.1,0.04,0.1
ENG-Premier League,1920,Arsenal,Mesut Özil,GER,MF,30,1988,18,18,1438,16.0,1,2,3,1,0,0,1,0,1.4,1.4,2.3,3.8,48,114,136,0.06,0.13,0.19,0.06,0.19,0.09,0.15,0.24,0.09,0.24
ENG-Premier League,1920,Arsenal,Nacho Monreal,ESP,DF,33,1986,3,3,270,3.0,0,0,0,0,0,0,0,0,0.0,0.0,0.3,0.4,4,12,14,0.0,0.0,0.0,0.0,0.0,0.01,0.11,0.13,0.01,0.13
ENG-Premier League,1920,Arsenal,Nicolas Pépé,CIV,FW,24,1995,31,22,2010,22.3,5,6,11,4,1,1,4,0,4.9,4.1,4.8,8.9,98,67,191,0.22,0.27,0.49,0.18,0.45,0.22,0.21,0.43,0.18,0.4
ENG-Premier League,1920,Arsenal,Pablo Marí,ESP,DF,25,1993,2,2,113,1.3,0,0,0,0,0,0,0,0,0.0,0.0,0.0,0.0,0,5,0,0.0,0.0,0.0,0.0,0.0,0.0,0.0,0.0,0.0,0.0
ENG-Premier League,1920,Arsenal,Pierre-Emerick Aubameyang,GAB,FW,30,1989,36,35,3136,34.8,22,3,25,20,2,2,3,1,14.7,13.2,3.3,16.5,98,81,288,0.63,0.09,0.72,0.57,0.66,0.42,0.09,0.52,0.38,0.47
ENG-Premier League,1920,Arsenal,Reiss Nelson,ENG,FW,19,1999,17,7,631,7.0,1,0,1,1,0,0,1,0,0.9,0.9,0.4,1.3,30,20,58,0.14,0.0,0.14,0.14,0.14,0.13,0.06,0.19,0.13,0.19
ENG-Premier League,1920,Arsenal,Rob Holding,ENG,DF,23,1995,8,6,581,6.5,0,0,0,0,0,0,1,0,0.2,0.2,0.0,0.2,3,16,1,0.0,0.0,0.0,0.0,0.0,0.03,0.0,0.03,0.03,0.03
ENG-Premier League,1920,Arsenal,Sead Kolašinac,BIH,DF,26,1993,26,19,1701,18.9,0,2,2,0,0,0,4,0,0.4,0.4,1.3,1.7,36,74,88,0.0,0.11,0.11,0.0,0.11,0.02,0.07,0.09,0.02,0.09
ENG-Premier League,1920,Arsenal,Shkodran Mustafi,GER,DF,27,1992,15,13,1207,13.4,0,1,1,0,0,0,2,0,0.9,0.9,0.4,1.3,7,61,6,0.0,0.07,0.07,0.0,0.07,0.07,0.03,0.1,0.07,0.1
ENG-Premier League,1920,Arsenal,Sokratis Papastathopoulos,GRE,DF,31,1988,19,19,1696,18.8,2,0,2,2,0,0,6,0,1.1,1.1,0.3,1.3,5,27,5,0.11,0.0,0.11,0.11,0.11,0.06,0.01,0.07,0.06,0.07
ENG-Premier League,1920,Aston Villa,Ahmed Elmohamady,EGY,DF,31,1987,18,11,1031,11.5,1,1,2,1,0,0,1,0,0.2,0.2,2.8,3.0,39,47,37,0.09,0.09,0.17,0.09,0.17,0.02,0.24,0.26,0.02,0.26
ENG-Premier League,1920,Aston Villa,Anwar El Ghazi,NED,"FW,MF",24,1995,34,26,2051,22.8,4,4,8,3,1,1,3,0,6.2,5.4,2.7,8.2,65,47,155,0.18,0.18,0.35,0.13,0.31,0.27,0.12,0.39,0.24,0.36
ENG-Premier League,1920,Aston Villa,Björn Engels,BEL,DF,24,1994,17,15,1447,16.1,1,0,1,1,0,0,1,0,1.0,0.9,0.3,1.2,5,43,2,0.06,0.0,0.06,0.06,0.06,0.06,0.02,0.08,0.06,0.07
ENG-Premier League,1920,Aston Villa,Borja Bastón,ESP,"MF,FW",26,1992,2,0,18,0.2,0,0,0,0,0,0,0,0,0.0,0.0,0.0,0.0,0,1,0,0.0,0.0,0.0,0.0,0.0,0.0,0.0,0.0,0.0,0.0
ENG-Premier League,1920,Aston Villa,Conor Hourihane,IRL,MF,28,1991,27,18,1534,17.0,3,5,8,3,0,0,4,0,1.7,1.7,6.0,7.7,9,75,57,0.18,0.29,0.47,0.18,0.47,0.1,0.35,0.45,0.1,0.45
ENG-Premier League,1920,Aston Villa,Danny Drinkwater,ENG,MF,29,1990,4,4,259,2.9,0,0,0,0,0,0,1,0,0.1,0.1,0.0,0.2,2,20,4,0.0,0.0,0.0,0.0,0.0,0.04,0.01,0.05,0.04,0.05
ENG-Premier League,1920,Aston Villa,Douglas Luiz,BRA,MF,21,1998,36,28,2612,29.0,3,2,5,3,0,0,8,0,2.6,2.6,1.7,4.2,35,143,46,0.1,0.07,0.17,0.1,0.17,0.09,0.06,0.15,0.09,0.15
ENG-Premier League,1920,Aston Villa,Ezri Konsa,ENG,DF,21,1997,25,24,2039,22.7,1,2,3,1,0,0,3,0,1.5,1.5,1.0,2.4,8,53,13,0.04,0.09,0.13,0.04,0.13,0.06,0.04,0.11,0.06,0.11
ENG-Premier League,1920,Aston Villa,Frederic Guilbert,FRA,"DF,MF",24,1994,25,22,2041,22.7,0,2,2,0,0,0,7,0,0.3,0.3,1.5,1.9,56,81,96,0.0,0.09,0.09,0.0,0.09,0.02,0.07,0.08,0.02,0.08
ENG-Premier League,1920,Aston Villa,Henri Lansbury,ENG,MF,28,1990,10,2,195,2.2,0,0,0,0,0,0,0,0,0.1,0.1,0.1,0.2,0,7,2,0.0,0.0,0.0,0.0,0.0,0.04,0.03,0.07,0.04,0.07
ENG-Premier League,1920,Aston Villa,Indiana Vassilev,USA,"FW,MF",18,2001,4,0,51,0.6,0,0,0,0,0,0,0,0,0.0,0.0,0.0,0.0,0,0,4,0.0,0.0,0.0,0.0,0.0,0.06,0.0,0.06,0.06,0.06
ENG-Premier League,1920,Aston Villa,Jack Grealish,ENG,"FW,MF",23,1995,36,36,3233,35.9,8,6,14,8,0,1,8,0,6.8,6.0,7.4,13.4,212,197,209,0.22,0.17,0.39,0.22,0.39,0.19,0.21,0.4,0.17,0.37
ENG-Premier League,1920,Aston Villa,Jed Steer,ENG,GK,26,1992,1,1,7,0.1,0,0,0,0,0,0,0,0,0.0,0.0,0.0,0.0,0,0,0,0.0,0.0,0.0,0.0,0.0,0.0,0.0,0.0,0.0,0.0
ENG-Premier League,1920,Aston Villa,John McGinn,SCO,MF,24,1994,28,27,2312,25.7,3,3,6,3,0,0,3,0,3.9,3.9,2.5,6.4,38,113,84,0.12,0.12,0.23,0.12,0.23,0.15,0.1,0.25,0.15,0.25
ENG-Premier League,1920,Aston Villa,Jonathan Kodjia,CIV,FW,29,1989,6,0,117,1.3,0,0,0,0,0,0,1,0,0.1,0.1,0.1,0.2,4,1,10,0.0,0.0,0.0,0.0,0.0,0.09,0.05,0.14,0.09,0.14
ENG-Premier League,1920,Aston Villa,Jota,ESP,"FW,MF",28,1991,10,4,335,3.7,0,1,1,0,0,0,0,0,0.3,0.3,0.6,0.9,10,14,23,0.0,0.27,0.27,0.0,0.27,0.08,0.15,0.23,0.08,0.23
ENG-Premier League,1920,Aston Villa,Keinan Davis,ENG,FW,21,1998,18,4,548,6.1,0,0,0,0,0,0,0,0,2.7,2.7,0.2,2.9,19,9,50,0.0,0.0,0.0,0.0,0.0,0.44,0.03,0.47,0.44,0.47
ENG-Premier League,1920,Aston Villa,Kortney Hause,ENG,DF,24,1995,18,17,1545,17.2,1,0,1,1,0,0,3,0,2.5,2.5,0.5,2.9,8,46,4,0.06,0.0,0.06,0.06,0.06,0.14,0.03,0.17,0.14,0.17
ENG-Premier League,1920,Aston Villa,Marvelous Nakamba,ZIM,MF,25,1994,29,19,1836,20.4,0,0,0,0,0,0,5,0,0.2,0.2,0.5,0.7,10,57,8,0.0,0.0,0.0,0.0,0.0,0.01,0.03,0.03,0.01,0.03
ENG-Premier League,1920,Aston Villa,Matt Targett,ENG,"DF,MF",23,1995,28,27,2291,25.5,1,2,3,1,0,0,4,0,0.4,0.4,2.6,3.0,22,115,81,0.04,0.08,0.12,0.04,0.12,0.02,0.1,0.12,0.02,0.12
ENG-Premier League,1920,Aston Villa,Mbwana Samatta,TAN,FW,26,1992,14,11,943,10.5,1,0,1,1,0,0,1,0,2.3,2.3,0.6,2.9,6,11,49,0.1,0.0,0.1,0.1,0.1,0.22,0.06,0.28,0.22,0.28
ENG-Premier League,1920,Aston Villa,Neil Taylor,WAL,DF,30,1989,14,11,1091,12.1,0,0,0,0,0,0,2,0,0.2,0.2,0.4,0.6,7,48,25,0.0,0.0,0.0,0.0,0.0,0.01,0.03,0.05,0.01,0.05
ENG-Premier League,1920,Aston Villa,Pepe Reina,ESP,GK,36,1982,12,12,1080,12.0,0,0,0,0,0,0,1,0,0.0,0.0,0.0,0.0,0,0,0,0.0,0.0,0.0,0.0,0.0,0.0,0.0,0.0,0.0,0.0
ENG-Premier League,1920,Aston Villa,Tom Heaton,ENG,GK,33,1986,20,20,1794,19.9,0,0,0,0,0,0,0,0,0.0,0.0,0.0,0.0,0,0,0,0.0,0.0,0.0,0.0,0.0,0.0,0.0,0.0,0.0,0.0
ENG-Premier League,1920,Aston Villa,Trézéguet,EGY,"FW,MF",24,1994,34,20,1950,21.7,6,1,7,6,0,0,4,1,4.7,4.7,1.0,5.8,59,37,170,0.28,0.05,0.32,0.28,0.32,0.22,0.05,0.27,0.22,0.27
ENG-Premier League,1920,Aston Villa,Tyrone Mings,ENG,DF,26,1993,33,33,2902,32.2,2,2,4,2,0,0,7,0,0.8,0.8,0.7,1.5,12,60,11,0.06,0.06,0.12,0.06,0.12,0.02,0.02,0.05,0.02,0.05
ENG-Premier League,1920,Aston Villa,Wesley Moraes,BRA,FW,22,1996,21,21,1782,19.8,5,1,6,5,0,1,3,0,6.4,5.5,1.0,6.5,13,21,89,0.25,0.05,0.3,0.25,0.3,0.32,0.05,0.37,0.28,0.33
ENG-Premier League,1920,Aston Villa,Ørjan Nyland,NOR,GK,28,1990,7,5,539,6.0,0,0,0,0,0,0,0,0,0.0,0.0,0.0,0.0,0,1,0,0.0,0.0,0.0,0.0,0.0,0.0,0.0,0.0,0.0,0.0
ENG-Premier League,1920,Bournemouth,Aaron Ramsdale,ENG,GK,21,1998,37,37,3330,37.0,0,1,1,0,0,0,0,0,0.0,0.0,0.7,0.7,0,0,0,0.0,0.03,0.03,0.0,0.03,0.0,0.02,0.02,0.0,0.02
ENG-Premier League,1920,Bournemouth,Adam Smith,ENG,DF,28,1991,24,24,2055,22.8,0,1,1,0,0,0,7,0,0.8,0.8,1.1,1.8,75,93,69,0.0,0.04,0.04,0.0,0.04,0.03,0.05,0.08,0.03,0.08
ENG-Premier League,1920,Bournemouth,Andrew Surman,ENG,MF,32,1986,5,2,235,2.6,0,0,0,0,0,0,1,0,0.0,0.0,0.0,0.1,1,5,1,0.0,0.0,0.0,0.0,0.0,0.01,0.02,0.02,0.01,0.02
ENG-Premier League,1920,Bournemouth,Arnaut Danjuma,NED,MF,22,1997,14,6,630,7.0,0,0,0,0,0,0,0,0,1.2,1.2,0.2,1.4,31,21,60,0.0,0.0,0.0,0.0,0.0,0.17,0.03,0.2,0.17,0.2
ENG-Premier League,1920,Bournemouth,Callum Wilson,ENG,FW,27,1992,35,32,2908,32.3,8,1,9,8,0,0,10,0,9.9,9.9,2.8,12.8,45,52,197,0.25,0.03,0.28,0.25,0.28,0.31,0.09,0.39,0.31,0.39
ENG-Premier League,1920,Bournemouth,Charlie Daniels,ENG,DF,32,1986,2,2,126,1.4,0,0,0,0,0,0,0,0,0.0,0.0,0.1,0.1,1,2,3,0.0,0.0,0.0,0.0,0.0,0.0,0.06,0.06,0.0,0.06
ENG-Premier League,1920,Bournemouth,Chris Mepham,WAL,DF,21,1997,12,10,912,10.1,1,0,1,1,0,0,1,0,0.9,0.9,0.1,1.0,4,28,3,0.1,0.0,0.1,0.1,0.1,0.09,0.01,0.1,0.09,0.1
ENG-Premier League,1920,Bournemouth,Dan Gosling,ENG,MF,29,1990,24,14,1264,14.0,3,1,4,3,0,0,3,0,2.9,2.9,1.1,4.0,10,55,36,0.21,0.07,0.28,0.21,0.28,0.21,0.08,0.28,0.21,0.28
ENG-Premier League,1920,Bournemouth,David Brooks,WAL,"MF,FW",22,1997,9,8,506,5.6,1,0,1,1,0,0,1,0,0.5,0.5,0.3,0.8,4,17,24,0.18,0.0,0.18,0.18,0.18,0.08,0.05,0.14,0.08,0.14
ENG-Premier League,1920,Bournemouth,Diego Rico,ESP,DF,26,1993,27,27,2332,25.9,0,4,4,0,0,0,6,0,0.4,0.4,3.2,3.6,42,145,81,0.0,0.15,0.15,0.0,0.15,0.02,0.12,0.14,0.02,0.14
ENG-Premier League,1920,Bournemouth,Dominic Solanke,ENG,FW,21,1997,32,17,1651,18.3,3,1,4,3,0,0,1,0,4.6,4.6,1.2,5.8,35,35,109,0.16,0.05,0.22,0.16,0.22,0.25,0.07,0.32,0.25,0.32
ENG-Premier League,1920,Bournemouth,Harry Wilson,WAL,"MF,FW",22,1997,31,20,1646,18.3,7,0,7,7,0,0,2,0,4.0,4.0,2.4,6.4,29,66,89,0.38,0.0,0.38,0.38,0.38,0.22,0.13,0.35,0.22,0.35
ENG-Premier League,1920,Bournemouth,Jack Simpson,ENG,DF,22,1996,4,1,241,2.7,0,0,0,0,0,0,0,0,0.0,0.0,0.1,0.1,0,5,3,0.0,0.0,0.0,0.0,0.0,0.01,0.02,0.04,0.01,0.04
ENG-Premier League,1920,Bournemouth,Jack Stacey,ENG,DF,23,1996,19,17,1549,17.2,0,2,2,0,0,0,2,0,0.5,0.5,2.2,2.7,38,50,57,0.0,0.12,0.12,0.0,0.12,0.03,0.13,0.16,0.03,0.16
ENG-Premier League,1920,Bournemouth,Jefferson Lerma,COL,MF,24,1994,33,31,2703,30.0,1,2,3,1,0,0,13,1,1.2,1.2,1.4,2.6,16,137,13,0.03,0.07,0.1,0.03,0.1,0.04,0.05,0.09,0.04,0.09
ENG-Premier League,1920,Bournemouth,Jordon Ibe,ENG,DF,23,1995,2,0,50,0.6,0,0,0,0,0,0,0,0,0.0,0.0,0.0,0.0,4,2,4,0.0,0.0,0.0,0.0,0.0,0.0,0.0,0.0,0.0,0.0
ENG-Premier League,1920,Bournemouth,Joshua King,NOR,"FW,MF",27,1992,26,24,2011,22.3,6,4,10,3,3,3,0,0,6.5,4.1,4.1,8.2,60,46,151,0.27,0.18,0.45,0.13,0.31,0.29,0.18,0.47,0.18,0.37
ENG-Premier League,1920,Bournemouth,Junior Stanislas,ENG,"MF,FW",29,1989,15,7,712,7.9,3,0,3,2,1,1,1,0,2.1,1.4,0.8,2.2,30,26,42,0.38,0.0,0.38,0.25,0.25,0.27,0.1,0.37,0.17,0.27
ENG-Premier League,1920,Bournemouth,Lewis Cook,ENG,"MF,FW",22,1997,27,14,1352,15.0,0,0,0,0,0,0,5,0,0.3,0.3,0.5,0.8,18,80,31,0.0,0.0,0.0,0.0,0.0,0.02,0.03,0.05,0.02,0.05
ENG-Premier League,1920,Bournemouth,Lloyd Kelly,ENG,DF,20,1998,8,7,639,7.1,0,0,0,0,0,0,2,0,0.0,0.0,0.3,0.3,6,9,9,0.0,0.0,0.0,0.0,0.0,0.0,0.04,0.05,0.0,0.05
ENG-Premier League,1920,Bournemouth,Mark Travers,IRL,GK,20,1999,1,1,90,1.0,0,0,0,0,0,0,0,0,0.0,0.0,0.0,0.0,0,0,0,0.0,0.0,0.0,0.0,0.0,0.0,0.0,0.0,0.0,0.0
ENG-Premier League,1920,Bournemouth,Nathan Aké,NED,DF,24,1995,29,29,2503,27.8,2,2,4,2,0,0,2,0,3.0,3.0,2.2,5.1,12,81,7,0.07,0.07,0.14,0.07,0.14,0.11,0.08,0.18,0.11,0.18
ENG-Premier League,1920,Bournemouth,Philip Billing,DEN,MF,23,1996,34,29,2530,28.1,1,1,2,1,0,0,8,0,2.0,2.0,1.7,3.6,29,100,59,0.04,0.04,0.07,0.04,0.07,0.07,0.06,0.13,0.07,0.13
ENG-Premier League,1920,Bournemouth,Ryan Fraser,SCO,"MF,FW",25,1994,28,21,2067,23.0,1,4,5,1,0,0,2,0,3.7,3.7,3.9,7.6,99,100,164,0.04,0.17,0.22,0.04,0.22,0.16,0.17,0.33,0.16,0.33
ENG-Premier League,1920,Bournemouth,Sam Surridge,ENG,"FW,MF",21,1998,4,0,27,0.3,0,0,0,0,0,0,0,0,0.5,0.5,0.1,0.6,0,2,5,0.0,0.0,0.0,0.0,0.0,1.75,0.19,1.94,1.75,1.94
ENG-Premier League,1920,Bournemouth,Simon Francis,ENG,DF,34,1985,15,10,969,10.8,0,0,0,0,0,0,5,1,0.1,0.1,0.2,0.4,5,26,16,0.0,0.0,0.0,0.0,0.0,0.01,0.02,0.03,0.01,0.03
ENG-Premier League,1920,Bournemouth,Steve Cook,ENG,DF,28,1991,29,28,2428,27.0,1,0,1,1,0,0,6,1,0.7,0.7,0.5,1.2,7,73,5,0.04,0.0,0.04,0.04,0.04,0.03,0.02,0.04,0.03,0.04
ENG-Premier League,1920,Brighton,Aaron Connolly,IRL,FW,19,2000,24,14,1258,14.0,3,1,4,3,0,0,0,0,4.0,4.0,0.5,4.5,21,10,86,0.21,0.07,0.29,0.21,0.29,0.28,0.04,0.32,0.28,0.32
ENG-Premier League,1920,Brighton,Aaron Mooy,AUS,"MF,FW",28,1990,31,25,2085,23.2,2,2,4,2,0,0,3,1,2.3,2.3,4.5,6.8,71,158,135,0.09,0.09,0.17,0.09,0.17,0.1,0.19,0.29,0.1,0.29
ENG-Premier League,1920,Brighton,Adam Webster,ENG,DF,24,1995,31,31,2668,29.6,3,1,4,3,0,0,4,0,1.3,1.3,1.3,2.6,29,119,4,0.1,0.03,0.13,0.1,0.13,0.05,0.04,0.09,0.05,0.09
ENG-Premier League,1920,Brighton,Alexis Mac Allister,ARG,"MF,FW",20,1998,9,4,352,3.9,0,0,0,0,0,0,0,0,0.5,0.5,0.3,0.7,2,6,13,0.0,0.0,0.0,0.0,0.0,0.12,0.07,0.19,0.12,0.19
ENG-Premier League,1920,Brighton,Alireza Jahanbakhsh,IRN,"FW,MF",25,1993,10,3,311,3.5,2,0,2,2,0,0,0,0,0.6,0.6,0.6,1.2,8,12,51,0.58,0.0,0.58,0.58,0.58,0.17,0.18,0.35,0.17,0.35
ENG-Premier League,1920,Brighton,Bernardo,BRA,"DF,MF",24,1995,14,7,679,7.5,0,0,0,0,0,0,1,0,0.5,0.5,1.1,1.6,22,56,41,0.0,0.0,0.0,0.0,0.0,0.06,0.15,0.21,0.06,0.21
ENG-Premier League,1920,Brighton,Dale Stephens,ENG,MF,30,1989,33,28,2530,28.1,0,1,1,0,0,0,8,0,0.6,0.6,1.3,1.9,9,160,14,0.0,0.04,0.04,0.0,0.04,0.02,0.05,0.07,0.02,0.07
ENG-Premier League,1920,Brighton,Dan Burn,ENG,DF,27,1992,34,33,2880,32.0,0,0,0,0,0,0,5,0,1.2,1.2,1.3,2.5,52,135,93,0.0,0.0,0.0,0.0,0.0,0.04,0.04,0.08,0.04,0.08
ENG-Premier League,1920,Brighton,Davy Pröpper,NED,MF,27,1991,35,32,2829,31.4,1,2,3,1,0,0,4,0,1.6,1.6,2.5,4.2,55,265,43,0.03,0.06,0.1,0.03,0.1,0.05,0.08,0.13,0.05,0.13
ENG-Premier League,1920,Brighton,Ezequiel Schelotto,ITA,DF,30,1989,8,4,361,4.0,0,0,0,0,0,0,2,0,0.2,0.2,0.0,0.2,15,9,40,0.0,0.0,0.0,0.0,0.0,0.06,0.0,0.06,0.06,0.06
ENG-Premier League,1920,Brighton,Florin Andone,ROU,FW,26,1993,3,1,73,0.8,1,0,1,1,0,0,0,1,0.4,0.4,0.1,0.4,2,0,4,1.23,0.0,1.23,1.23,1.23,0.45,0.06,0.51,0.45,0.51
ENG-Premier League,1920,Brighton,Gaëtan Bong,CMR,"DF,MF",31,1988,4,0,59,0.7,0,0,0,0,0,0,0,0,0.0,0.0,0.2,0.2,4,5,8,0.0,0.0,0.0,0.0,0.0,0.0,0.34,0.34,0.0,0.34
ENG-Premier League,1920,Brighton,Glenn Murray,ENG,FW,35,1983,23,7,797,8.9,1,1,2,1,0,0,0,0,2.4,2.4,0.7,3.1,6,15,66,0.11,0.11,0.23,0.11,0.23,0.27,0.08,0.35,0.27,0.35
ENG-Premier League,1920,Brighton,Jürgen Locadia,CUW,"FW,MF",25,1993,2,1,86,1.0,0,0,0,0,0,0,0,0,0.3,0.3,0.0,0.3,1,0,6,0.0,0.0,0.0,0.0,0.0,0.27,0.0,0.27,0.27,0.27
ENG-Premier League,1920,Brighton,Leandro Trossard,BEL,"FW,MF",24,1994,31,22,2011,22.3,5,3,8,5,0,0,0,0,5.0,5.0,3.9,9.0,68,95,228,0.22,0.13,0.36,0.22,0.36,0.23,0.18,0.4,0.23,0.4
ENG-Premier League,1920,Brighton,Lewis Dunk,ENG,DF,27,1991,36,36,3230,35.9,3,3,6,3,0,0,9,0,4.5,4.5,1.5,6.0,18,110,5,0.08,0.08,0.17,0.08,0.17,0.13,0.04,0.17,0.13,0.17
ENG-Premier League,1920,Brighton,Martín Montoya,ESP,"DF,MF",28,1991,27,23,1896,21.1,0,1,1,0,0,0,5,0,1.5,1.5,1.8,3.3,57,91,117,0.0,0.05,0.05,0.0,0.05,0.07,0.09,0.16,0.07,0.16
ENG-Premier League,1920,Brighton,Mathew Ryan,AUS,GK,27,1992,38,38,3420,38.0,0,0,0,0,0,0,0,0,0.0,0.0,0.0,0.0,0,0,0,0.0,0.0,0.0,0.0,0.0,0.0,0.0,0.0,0.0,0.0
ENG-Premier League,1920,Brighton,Neal Maupay,FRA,FW,22,1996,37,30,2766,30.7,10,3,13,9,1,2,3,0,13.4,11.8,2.1,13.9,63,66,255,0.33,0.1,0.42,0.29,0.39,0.44,0.07,0.5,0.38,0.45
ENG-Premier League,1920,Brighton,Pascal Groß,GER,"MF,FW",28,1991,29,22,1796,20.0,2,4,6,2,0,0,4,0,1.6,1.6,5.3,6.9,36,135,198,0.1,0.2,0.3,0.1,0.3,0.08,0.26,0.34,0.08,0.34
ENG-Premier League,1920,Brighton,Shane Duffy,IRL,DF,27,1992,19,12,1238,13.8,1,0,1,1,0,0,2,0,1.2,1.2,0.2,1.3,4,29,2,0.07,0.0,0.07,0.07,0.07,0.09,0.01,0.1,0.09,0.1
ENG-Premier League,1920,Brighton,Solly March,ENG,"FW,MF",25,1994,19,11,1143,12.7,0,1,1,0,0,0,2,0,1.4,1.4,0.9,2.3,50,55,112,0.0,0.08,0.08,0.0,0.08,0.11,0.07,0.18,0.11,0.18
ENG-Premier League,1920,Brighton,Steven Alzate,COL,"MF,DF",20,1998,19,12,1188,13.2,0,0,0,0,0,0,1,0,1.2,1.2,0.7,2.0,34,66,92,0.0,0.0,0.0,0.0,0.0,0.09,0.06,0.15,0.09,0.15
ENG-Premier League,1920,Brighton,Tariq Lamptey,GHA,DF,18,2000,8,7,588,6.5,0,1,1,0,0,0,2,0,0.1,0.1,1.0,1.1,17,15,32,0.0,0.15,0.15,0.0,0.15,0.01,0.15,0.16,0.01,0.16
ENG-Premier League,1920,Brighton,Yves Bissouma,MLI,MF,22,1996,22,15,1259,14.0,1,0,1,1,0,0,4,0,0.4,0.4,0.2,0.6,25,63,16,0.07,0.0,0.07,0.07,0.07,0.03,0.01,0.04,0.03,0.04
ENG-Premier League,1920,Burnley,Aaron Lennon,ENG,MF,32,1987,16,4,496,5.5,0,0,0,0,0,0,4,0,0.0,0.0,0.1,0.2,11,7,18,0.0,0.0,0.0,0.0,0.0,0.01,0.03,0.03,0.01,0.03
ENG-Premier League,1920,Burnley,Ashley Barnes,ENG,FW,29,1989,19,17,1352,15.0,6,0,6,5,1,1,4,0,6.2,5.4,0.3,5.7,10,18,61,0.4,0.0,0.4,0.33,0.33,0.41,0.02,0.43,0.36,0.38
ENG-Premier League,1920,Burnley,Ashley Westwood,ENG,MF,29,1990,35,35,3150,35.0,2,6,8,2,0,0,9,0,1.1,1.1,6.2,7.3,22,177,33,0.06,0.17,0.23,0.06,0.23,0.03,0.18,0.21,0.03,0.21
ENG-Premier League,1920,Burnley,Ben Mee,ENG,DF,29,1989,32,32,2880,32.0,1,1,2,1,0,0,7,0,1.7,1.7,1.6,3.2,5,56,5,0.03,0.03,0.06,0.03,0.06,0.05,0.05,0.1,0.05,0.1
ENG-Premier League,1920,Burnley,Charlie Taylor,ENG,DF,25,1993,24,22,1945,21.6,0,1,1,0,0,0,3,0,0.0,0.0,0.9,1.0,61,54,46,0.0,0.05,0.05,0.0,0.05,0.0,0.04,0.04,0.0,0.04
ENG-Premier League,1920,Burnley,Chris Wood,NZL,FW,27,1991,32,29,2437,27.1,14,1,15,13,1,1,1,0,15.7,14.9,1.8,16.7,13,16,160,0.52,0.04,0.55,0.48,0.52,0.58,0.07,0.64,0.55,0.62
ENG-Premier League,1920,Burnley,Danny Drinkwater,ENG,MF,29,1990,1,1,58,0.6,0,0,0,0,0,0,0,0,0.0,0.0,0.0,0.0,0,0,1,0.0,0.0,0.0,0.0,0.0,0.0,0.0,0.0,0.0,0.0
ENG-Premier League,1920,Burnley,Dwight McNeil,ENG,MF,19,1999,38,38,3338,37.1,2,6,8,2,0,0,5,0,2.3,2.3,7.7,10.0,146,97,109,0.05,0.16,0.22,0.05,0.22,0.06,0.21,0.27,0.06,0.27
ENG-Premier League,1920,Burnley,Erik Pieters,NED,"DF,MF",30,1988,24,21,1878,20.9,0,4,4,0,0,0,2,0,0.5,0.5,2.5,3.0,21,50,39,0.0,0.19,0.19,0.0,0.19,0.02,0.12,0.14,0.02,0.14
ENG-Premier League,1920,Burnley,Jack Cork,ENG,MF,30,1989,30,30,2613,29.0,0,0,0,0,0,0,1,0,2.0,2.0,1.1,3.1,13,67,31,0.0,0.0,0.0,0.0,0.0,0.07,0.04,0.11,0.07,0.11
ENG-Premier League,1920,Burnley,James Tarkowski,ENG,DF,26,1992,38,38,3420,38.0,2,2,4,2,0,0,10,0,2.1,2.1,3.1,5.2,2,83,2,0.05,0.05,0.11,0.05,0.11,0.06,0.08,0.14,0.06,0.14
ENG-Premier League,1920,Burnley,Jay Rodriguez,ENG,FW,30,1989,36,20,2016,22.4,8,1,9,7,1,1,1,0,8.8,8.0,0.6,8.6,31,33,126,0.36,0.04,0.4,0.31,0.36,0.39,0.03,0.42,0.36,0.38
ENG-Premier League,1920,Burnley,Jeff Hendrick,IRL,MF,27,1992,24,22,1931,21.5,2,2,4,2,0,0,8,0,1.7,1.7,1.6,3.3,24,40,61,0.09,0.09,0.19,0.09,0.19,0.08,0.07,0.16,0.08,0.16
ENG-Premier League,1920,Burnley,Josh Brownhill,ENG,MF,23,1995,10,9,805,8.9,0,0,0,0,0,0,2,0,0.5,0.5,0.1,0.7,2,20,15,0.0,0.0,0.0,0.0,0.0,0.06,0.02,0.08,0.06,0.08
ENG-Premier League,1920,Burnley,Jóhann Berg Guðmundsson,ISL,MF,28,1990,12,6,621,6.9,1,1,2,1,0,0,0,0,0.6,0.6,1.0,1.6,18,6,31,0.14,0.14,0.29,0.14,0.29,0.09,0.14,0.23,0.09,0.23
ENG-Premier League,1920,Burnley,Kevin Long,IRL,DF,28,1990,8,6,564,6.3,0,0,0,0,0,0,0,0,0.2,0.2,0.0,0.2,0,8,0,0.0,0.0,0.0,0.0,0.0,0.03,0.0,0.03,0.03,0.03
ENG-Premier League,1920,Burnley,Matthew Lowton,ENG,DF,30,1989,17,17,1530,17.0,0,1,1,0,0,0,2,0,0.0,0.0,1.2,1.2,17,64,42,0.0,0.06,0.06,0.0,0.06,0.0,0.07,0.07,0.0,0.07
ENG-Premier League,1920,Burnley,Matěj Vydra,CZE,FW,27,1992,19,7,819,9.1,2,1,3,2,0,0,0,0,3.8,3.8,1.0,4.8,13,4,52,0.22,0.11,0.33,0.22,0.33,0.41,0.11,0.52,0.41,0.52
ENG-Premier League,1920,Burnley,Max Thompson,ENG,FW,17,2002,1,0,3,0.0,0,0,0,0,0,0,0,0,0.0,0.0,0.0,0.0,0,0,0,0.0,0.0,0.0,0.0,0.0,0.0,0.0,0.0,0.0,0.0
ENG-Premier League,1920,Burnley,Nick Pope,ENG,GK,27,1992,38,38,3420,38.0,0,0,0,0,0,0,1,0,0.0,0.0,0.4,0.4,0,0,0,0.0,0.0,0.0,0.0,0.0,0.0,0.01,0.01,0.0,0.01
ENG-Premier League,1920,Burnley,Phil Bardsley,SCO,DF,34,1985,21,21,1890,21.0,0,1,1,0,0,0,6,0,0.3,0.3,1.4,1.7,23,70,27,0.0,0.05,0.05,0.0,0.05,0.02,0.07,0.08,0.02,0.08
ENG-Premier League,1920,Burnley,Robbie Brady,IRL,MF,27,1992,17,5,454,5.0,1,2,3,1,0,0,1,0,1.1,1.1,0.4,1.5,5,20,23,0.2,0.4,0.59,0.2,0.59,0.22,0.07,0.29,0.22,0.29
ENG-Premier League,1920,Chelsea,Andreas Christensen,DEN,DF,23,1996,21,21,1751,19.5,0,0,0,0,0,0,5,0,0.5,0.5,0.9,1.4,17,75,1,0.0,0.0,0.0,0.0,0.0,0.03,0.05,0.07,0.03,0.07
ENG-Premier League,1920,Chelsea,Antonio Rüdiger,GER,DF,26,1993,20,19,1710,19.0,2,0,2,2,0,0,3,0,0.9,0.9,0.6,1.5,11,99,0,0.11,0.0,0.11,0.11,0.11,0.05,0.03,0.08,0.05,0.08
ENG-Premier League,1920,Chelsea,Armando Broja,ALB,FW,17,2001,1,0,5,0.1,0,0,0,0,0,0,0,0,0.0,0.0,0.0,0.0,0,0,2,0.0,0.0,0.0,0.0,0.0,0.0,0.0,0.0,0.0,0.0
ENG-Premier League,1920,Chelsea,Billy Gilmour,SCO,MF,18,2001,6,2,194,2.2,0,0,0,0,0,0,0,0,0.0,0.0,0.1,0.2,4,11,3,0.0,0.0,0.0,0.0,0.0,0.01,0.06,0.07,0.01,0.07
ENG-Premier League,1920,Chelsea,Callum Hudson-Odoi,ENG,"FW,MF",18,2000,22,7,863,9.6,1,5,6,1,0,0,1,0,1.9,1.9,2.0,4.0,63,43,116,0.1,0.52,0.63,0.1,0.63,0.2,0.21,0.41,0.2,0.41
ENG-Premier League,1920,Chelsea,Christian Pulisic,USA,FW,20,1998,25,19,1722,19.1,9,4,13,9,0,0,0,0,9.0,9.0,3.6,12.6,107,73,188,0.47,0.21,0.68,0.47,0.68,0.47,0.19,0.66,0.47,0.66
ENG-Premier League,1920,Chelsea,César Azpilicueta,ESP,DF,29,1989,36,36,3229,35.9,2,6,8,2,0,0,1,0,2.4,2.4,6.0,8.5,59,193,226,0.06,0.17,0.22,0.06,0.22,0.07,0.17,0.24,0.07,0.24
ENG-Premier League,1920,Chelsea,Emerson Palmieri,ITA,DF,24,1994,15,13,1024,11.4,0,0,0,0,0,0,3,0,1.1,1.1,1.3,2.4,39,37,87,0.0,0.0,0.0,0.0,0.0,0.1,0.12,0.21,0.1,0.21
ENG-Premier League,1920,Chelsea,Faustino Anjorin,ENG,FW,17,2001,1,0,20,0.2,0,0,0,0,0,0,0,0,0.0,0.0,0.0,0.0,1,1,1,0.0,0.0,0.0,0.0,0.0,0.11,0.0,0.11,0.11,0.11
ENG-Premier League,1920,Chelsea,Fikayo Tomori,ENG,DF,21,1997,15,15,1291,14.3,1,0,1,1,0,0,3,0,0.4,0.4,0.1,0.6,14,50,4,0.07,0.0,0.07,0.07,0.07,0.03,0.01,0.04,0.03,0.04
ENG-Premier League,1920,Chelsea,Jorginho,ITA,MF,27,1991,31,27,2379,26.4,4,2,6,1,3,3,10,0,3.2,0.9,2.8,3.7,24,218,29,0.15,0.08,0.23,0.04,0.11,0.12,0.11,0.23,0.03,0.14
ENG-Premier League,1920,Chelsea,Kepa Arrizabalaga,ESP,GK,24,1994,33,33,2970,33.0,0,0,0,0,0,0,0,0,0.0,0.0,0.0,0.0,0,0,0,0.0,0.0,0.0,0.0,0.0,0.0,0.0,0.0,0.0,0.0
ENG-Premier League,1920,Chelsea,Kurt Zouma,FRA,DF,24,1994,28,25,2344,26.0,0,0,0,0,0,0,6,0,1.2,1.2,0.2,1.3,16,108,2,0.0,0.0,0.0,0.0,0.0,0.04,0.01,0.05,0.04,0.05
ENG-Premier League,1920,Chelsea,Marcos Alonso,ESP,DF,28,1990,18,15,1430,15.9,4,2,6,4,0,0,4,0,2.6,2.6,2.6,5.2,62,69,155,0.25,0.13,0.38,0.25,0.38,0.16,0.17,0.33,0.16,0.33
ENG-Premier League,1920,Chelsea,Mason Mount,ENG,"MF,FW",20,1999,37,32,2867,31.9,7,5,12,7,0,0,3,0,6.4,6.4,5.4,11.8,101,138,221,0.22,0.16,0.38,0.22,0.38,0.2,0.17,0.37,0.2,0.37
ENG-Premier League,1920,Chelsea,Mateo Kovačić,CRO,MF,25,1994,31,23,2073,23.0,1,3,4,1,0,0,8,0,0.9,0.9,1.8,2.7,72,215,31,0.04,0.13,0.17,0.04,0.17,0.04,0.08,0.12,0.04,0.12
ENG-Premier League,1920,Chelsea,Michy Batshuayi,BEL,FW,25,1993,16,1,239,2.7,1,1,2,1,0,0,0,0,2.4,2.4,0.2,2.6,8,1,22,0.38,0.38,0.75,0.38,0.75,0.92,0.06,0.98,0.92,0.98
ENG-Premier League,1920,Chelsea,N'Golo Kanté,FRA,MF,28,1991,22,20,1732,19.2,3,0,3,3,0,0,4,0,1.4,1.4,1.5,2.9,41,132,63,0.16,0.0,0.16,0.16,0.16,0.07,0.08,0.15,0.07,0.15
ENG-Premier League,1920,Chelsea,Olivier Giroud,FRA,FW,32,1986,18,12,993,11.0,8,0,8,8,0,0,1,0,7.3,7.3,0.9,8.2,6,7,59,0.73,0.0,0.73,0.73,0.73,0.66,0.08,0.74,0.66,0.74
ENG-Premier League,1920,Chelsea,Pedro,ESP,"FW,MF",32,1987,11,8,661,7.3,1,1,2,1,0,0,1,0,2.0,2.0,0.9,2.9,24,41,52,0.14,0.14,0.27,0.14,0.27,0.27,0.13,0.4,0.27,0.4
ENG-Premier League,1920,Chelsea,Reece James,ENG,DF,19,1999,24,16,1515,16.8,0,2,2,0,0,0,1,0,0.8,0.8,2.7,3.5,43,98,115,0.0,0.12,0.12,0.0,0.12,0.04,0.16,0.21,0.04,0.21
ENG-Premier League,1920,Chelsea,Ross Barkley,ENG,MF,25,1993,21,13,1103,12.3,1,4,5,1,0,0,0,0,2.7,2.7,2.3,5.1,46,64,63,0.08,0.33,0.41,0.08,0.41,0.22,0.19,0.41,0.22,0.41
ENG-Premier League,1920,Chelsea,Ruben Loftus-Cheek,ENG,"MF,FW",23,1996,7,2,208,2.3,0,1,1,0,0,0,0,0,0.5,0.5,0.4,0.9,4,15,11,0.0,0.43,0.43,0.0,0.43,0.21,0.18,0.39,0.21,0.39
ENG-Premier League,1920,Chelsea,Tammy Abraham,ENG,FW,21,1997,34,25,2215,24.6,15,3,18,15,0,0,2,0,16.4,16.4,2.7,19.0,31,34,134,0.61,0.12,0.73,0.61,0.73,0.67,0.11,0.77,0.67,0.77
ENG-Premier League,1920,Chelsea,Tariq Lamptey,GHA,DF,18,2000,1,0,32,0.4,0,0,0,0,0,0,0,0,0.0,0.0,0.1,0.1,1,2,1,0.0,0.0,0.0,0.0,0.0,0.0,0.18,0.18,0.0,0.18
ENG-Premier League,1920,Chelsea,Willian,BRA,"FW,MF",30,1988,36,29,2600,28.9,9,7,16,5,4,4,4,0,7.6,4.5,7.7,12.1,189,173,294,0.31,0.24,0.55,0.17,0.42,0.26,0.27,0.53,0.16,0.42
ENG-Premier League,1920,Chelsea,Willy Caballero,ARG,GK,37,1981,5,5,450,5.0,0,0,0,0,0,0,0,0,0.0,0.0,0.0,0.0,0,0,0,0.0,0.0,0.0,0.0,0.0,0.0,0.0,0.0,0.0,0.0
ENG-Premier League,1920,Crystal Palace,Andros Townsend,ENG,"FW,MF",28,1991,24,14,1294,14.4,1,1,2,1,0,0,0,0,0.4,0.4,1.9,2.3,56,44,77,0.07,0.07,0.14,0.07,0.14,0.03,0.13,0.16,0.03,0.16
ENG-Premier League,1920,Crystal Palace,Brandon Pierrick,ENG,"MF,FW",17,2001,2,0,15,0.2,0,0,0,0,0,0,0,0,0.0,0.0,0.1,0.1,1,2,1,0.0,0.0,0.0,0.0,0.0,0.0,0.53,0.53,0.0,0.53
ENG-Premier League,1920,Crystal Palace,Cenk Tosun,TUR,FW,28,1991,5,2,177,2.0,1,0,1,1,0,0,0,0,0.5,0.5,0.6,1.1,5,7,11,0.51,0.0,0.51,0.51,0.51,0.27,0.29,0.55,0.27,0.55
ENG-Premier League,1920,Crystal Palace,Cheikhou Kouyaté,SEN,"MF,DF",29,1989,35,29,2528,28.1,1,1,2,1,0,0,4,0,2.7,2.7,0.9,3.6,12,64,55,0.04,0.04,0.07,0.04,0.07,0.1,0.03,0.13,0.1,0.13
ENG-Premier League,1920,Crystal Palace,Christian Benteke,BEL,FW,28,1990,24,13,1261,14.0,2,1,3,2,0,0,4,1,5.1,5.1,2.6,7.7,22,28,79,0.14,0.07,0.21,0.14,0.21,0.36,0.19,0.55,0.36,0.55
ENG-Premier League,1920,Crystal Palace,Connor Wickham,ENG,"FW,MF",26,1993,6,0,96,1.1,1,1,2,1,0,0,0,0,1.4,1.4,0.6,1.9,3,6,10,0.94,0.94,1.87,0.94,1.87,1.28,0.52,1.8,1.28,1.8
ENG-Premier League,1920,Crystal Palace,Gary Cahill,ENG,DF,33,1985,25,25,2167,24.1,0,1,1,0,0,0,1,0,1.6,1.6,0.2,1.8,5,48,2,0.0,0.04,0.04,0.0,0.04,0.06,0.01,0.07,0.06,0.07
ENG-Premier League,1920,Crystal Palace,James McArthur,SCO,MF,31,1987,37,37,3090,34.3,0,3,3,0,0,0,6,0,2.0,2.0,2.4,4.4,54,174,123,0.0,0.09,0.09,0.0,0.09,0.06,0.07,0.13,0.06,0.13
ENG-Premier League,1920,Crystal Palace,James McCarthy,IRL,MF,28,1990,33,16,1680,18.7,0,0,0,0,0,0,9,0,0.5,0.5,1.3,1.8,8,55,23,0.0,0.0,0.0,0.0,0.0,0.03,0.07,0.1,0.03,0.1
ENG-Premier League,1920,Crystal Palace,James Tomkins,ENG,DF,30,1989,18,18,1582,17.6,1,1,2,1,0,0,5,0,1.1,1.1,0.1,1.2,1,14,4,0.06,0.06,0.11,0.06,0.11,0.06,0.01,0.07,0.06,0.07
ENG-Premier League,1920,Crystal Palace,Jaïro Riedewald,NED,"DF,MF",22,1996,17,7,769,8.5,0,0,0,0,0,0,0,0,0.1,0.1,0.2,0.3,8,31,20,0.0,0.0,0.0,0.0,0.0,0.01,0.02,0.03,0.01,0.03
ENG-Premier League,1920,Crystal Palace,Jeffrey Schlupp,GHA,"FW,MF",26,1992,17,11,1036,11.5,3,1,4,3,0,0,2,0,1.7,1.7,0.8,2.6,23,42,53,0.26,0.09,0.35,0.26,0.35,0.15,0.07,0.22,0.15,0.22
ENG-Premier League,1920,Crystal Palace,Joel Ward,ENG,DF,29,1989,29,27,2382,26.5,0,0,0,0,0,0,4,0,0.3,0.3,0.3,0.6,22,115,54,0.0,0.0,0.0,0.0,0.0,0.01,0.01,0.02,0.01,0.02
ENG-Premier League,1920,Crystal Palace,Jordan Ayew,GHA,FW,27,1991,37,37,3148,35.0,9,2,11,9,0,0,6,0,7.5,7.5,2.5,10.0,77,60,184,0.26,0.06,0.31,0.26,0.31,0.21,0.07,0.29,0.21,0.29
ENG-Premier League,1920,Crystal Palace,Luka Milivojević,SRB,MF,28,1991,31,28,2513,27.9,3,1,4,1,2,2,12,0,2.7,1.2,2.1,3.3,7,127,11,0.11,0.04,0.14,0.04,0.07,0.1,0.08,0.17,0.04,0.12
ENG-Premier League,1920,Crystal Palace,Mamadou Sakho,FRA,DF,29,1990,14,11,931,10.3,0,0,0,0,0,0,1,1,0.0,0.0,0.1,0.1,1,26,2,0.0,0.0,0.0,0.0,0.0,0.0,0.01,0.01,0.0,0.01
ENG-Premier League,1920,Crystal Palace,Martin Kelly,ENG,DF,29,1990,19,17,1549,17.2,0,1,1,0,0,0,0,0,0.1,0.1,0.8,0.9,6,35,14,0.0,0.06,0.06,0.0,0.06,0.0,0.05,0.05,0.0,0.05
ENG-Premier League,1920,Crystal Palace,Max Meyer,GER,"MF,FW",23,1995,17,6,655,7.3,0,0,0,0,0,0,1,0,0.5,0.5,0.2,0.7,9,16,32,0.0,0.0,0.0,0.0,0.0,0.07,0.03,0.1,0.07,0.1
ENG-Premier League,1920,Crystal Palace,Patrick van Aanholt,NED,DF,28,1990,29,29,2507,27.9,3,2,5,2,1,1,0,0,2.1,1.3,3.7,5.1,60,143,89,0.11,0.07,0.18,0.07,0.14,0.08,0.13,0.21,0.05,0.18
ENG-Premier League,1920,Crystal Palace,Scott Dann,ENG,DF,32,1987,16,14,1266,14.1,0,1,1,0,0,0,0,0,0.8,0.8,0.4,1.2,1,28,2,0.0,0.07,0.07,0.0,0.07,0.06,0.03,0.09,0.06,0.09
ENG-Premier League,1920,Crystal Palace,Tyrick Mitchell,ENG,DF,19,1999,4,2,195,2.2,0,0,0,0,0,0,1,0,0.0,0.0,0.2,0.2,5,12,8,0.0,0.0,0.0,0.0,0.0,0.0,0.08,0.08,0.0,0.08
ENG-Premier League,1920,Crystal Palace,Vicente Guaita,ESP,GK,32,1987,35,35,3150,35.0,0,0,0,0,0,0,1,0,0.0,0.0,0.0,0.0,0,0,0,0.0,0.0,0.0,0.0,0.0,0.0,0.0,0.0,0.0,0.0
ENG-Premier League,1920,Crystal Palace,Víctor Camarasa,ESP,FW,25,1994,1,0,6,0.1,0,0,0,0,0,0,0,0,0.0,0.0,0.0,0.0,0,0,0,0.0,0.0,0.0,0.0,0.0,0.0,0.0,0.0,0.0,0.0
ENG-Premier League,1920,Crystal Palace,Wayne Hennessey,WAL,GK,32,1987,3,3,270,3.0,0,0,0,0,0,0,0,0,0.0,0.0,0.0,0.0,0,0,0,0.0,0.0,0.0,0.0,0.0,0.0,0.0,0.0,0.0,0.0
ENG-Premier League,1920,Crystal Palace,Wilfried Zaha,CIV,"FW,MF",26,1992,38,37,3280,36.4,4,3,7,4,0,0,5,0,5.2,5.2,4.0,9.1,210,146,354,0.11,0.08,0.19,0.11,0.19,0.14,0.11,0.25,0.14,0.25
ENG-Premier League,1920,Everton,Alex Iwobi,NGA,"MF,FW",23,1996,25,19,1596,17.7,1,0,1,1,0,0,0,0,2.5,2.5,1.9,4.4,60,106,84,0.06,0.0,0.06,0.06,0.06,0.14,0.11,0.25,0.14,0.25
ENG-Premier League,1920,Everton,André Gomes,POR,MF,26,1993,19,17,1458,16.2,0,1,1,0,0,0,6,0,0.2,0.2,1.1,1.2,10,105,16,0.0,0.06,0.06,0.0,0.06,0.01,0.07,0.08,0.01,0.08
ENG-Premier League,1920,Everton,Anthony Gordon,ENG,"MF,FW",18,2001,11,4,440,4.9,0,1,1,0,0,0,0,0,0.3,0.3,0.4,0.7,13,9,26,0.0,0.2,0.2,0.0,0.2,0.06,0.08,0.14,0.06,0.14
ENG-Premier League,1920,Everton,Bernard,BRA,"MF,FW",26,1992,27,15,1280,14.2,3,2,5,3,0,0,2,0,1.8,1.8,2.4,4.1,40,76,106,0.21,0.14,0.35,0.21,0.35,0.13,0.17,0.29,0.13,0.29
ENG-Premier League,1920,Everton,Cenk Tosun,TUR,FW,28,1991,5,2,291,3.2,1,0,1,1,0,0,0,0,1.0,1.0,0.2,1.1,2,6,27,0.31,0.0,0.31,0.31,0.31,0.29,0.05,0.35,0.29,0.35
ENG-Premier League,1920,Everton,Djibril Sidibé,FRA,"DF,MF",27,1992,25,18,1824,20.3,0,4,4,0,0,0,3,0,0.4,0.4,2.3,2.7,61,86,102,0.0,0.2,0.2,0.0,0.2,0.02,0.11,0.13,0.02,0.13
ENG-Premier League,1920,Everton,Dominic Calvert-Lewin,ENG,FW,22,1997,36,30,2626,29.2,13,1,14,13,0,0,9,0,15.3,15.3,1.5,16.8,40,50,156,0.45,0.03,0.48,0.45,0.48,0.52,0.05,0.57,0.52,0.57
ENG-Premier League,1920,Everton,Fabian Delph,ENG,MF,29,1989,16,13,1190,13.2,0,0,0,0,0,0,5,1,0.1,0.1,0.4,0.5,19,94,9,0.0,0.0,0.0,0.0,0.0,0.01,0.03,0.04,0.01,0.04
ENG-Premier League,1920,Everton,Gylfi Sigurðsson,ISL,MF,29,1989,35,28,2560,28.4,2,3,5,1,1,1,3,0,4.0,3.2,4.2,7.4,27,127,73,0.07,0.11,0.18,0.04,0.14,0.14,0.15,0.29,0.11,0.26
ENG-Premier League,1920,Everton,Jarrad Branthwaite,ENG,DF,17,2002,4,2,300,3.3,0,0,0,0,0,0,0,0,0.0,0.0,0.0,0.0,0,4,0,0.0,0.0,0.0,0.0,0.0,0.0,0.0,0.0,0.0,0.0
ENG-Premier League,1920,Everton,Jean-Philippe Gbamin,CIV,MF,23,1995,2,1,136,1.5,0,0,0,0,0,0,0,0,0.0,0.0,0.0,0.0,0,7,3,0.0,0.0,0.0,0.0,0.0,0.0,0.0,0.0,0.0,0.0
ENG-Premier League,1920,Everton,Jordan Pickford,ENG,GK,25,1994,38,38,3420,38.0,0,0,0,0,0,0,2,0,0.0,0.0,0.1,0.1,0,0,0,0.0,0.0,0.0,0.0,0.0,0.0,0.0,0.0,0.0,0.0
ENG-Premier League,1920,Everton,Leighton Baines,ENG,DF,34,1984,8,4,404,4.5,0,0,0,0,0,0,0,0,0.1,0.1,0.8,0.9,12,10,18,0.0,0.0,0.0,0.0,0.0,0.01,0.18,0.2,0.01,0.2
ENG-Premier League,1920,Everton,Lucas Digne,FRA,DF,26,1993,35,35,3030,33.7,0,7,7,0,0,0,6,0,1.5,1.5,6.3,7.7,69,134,251,0.0,0.21,0.21,0.0,0.21,0.04,0.19,0.23,0.04,0.23
ENG-Premier League,1920,Everton,Mason Holgate,ENG,DF,22,1996,27,24,2054,22.8,0,3,3,0,0,0,5,0,1.7,1.7,0.7,2.4,18,58,4,0.0,0.13,0.13,0.0,0.13,0.08,0.03,0.1,0.08,0.1
ENG-Premier League,1920,Everton,Michael Keane,ENG,DF,26,1993,31,28,2559,28.4,2,0,2,2,0,0,3,0,1.9,1.9,0.7,2.5,9,84,3,0.07,0.0,0.07,0.07,0.07,0.07,0.02,0.09,0.07,0.09
ENG-Premier League,1920,Everton,Moise Kean,ITA,FW,19,2000,29,6,852,9.5,2,2,4,2,0,0,1,0,4.0,4.0,2.0,6.0,26,12,60,0.21,0.21,0.42,0.21,0.42,0.42,0.21,0.63,0.42,0.63
ENG-Premier League,1920,Everton,Morgan Schneiderlin,FRA,MF,29,1989,15,12,1001,11.1,0,0,0,0,0,0,6,1,0.2,0.2,0.1,0.4,4,62,3,0.0,0.0,0.0,0.0,0.0,0.02,0.01,0.03,0.02,0.03
ENG-Premier League,1920,Everton,Oumar Niasse,SEN,FW,29,1990,3,0,22,0.2,0,0,0,0,0,0,0,0,0.0,0.0,0.0,0.0,0,0,2,0.0,0.0,0.0,0.0,0.0,0.0,0.0,0.0,0.0,0.0
ENG-Premier League,1920,Everton,Richarlison,BRA,"FW,MF",22,1997,36,36,3070,34.1,13,3,16,13,0,0,8,0,9.1,9.1,6.7,15.7,95,93,222,0.38,0.09,0.47,0.38,0.47,0.27,0.2,0.46,0.27,0.46
ENG-Premier League,1920,Everton,Séamus Coleman,IRL,DF,30,1988,27,21,1839,20.4,0,1,1,0,0,0,5,1,0.9,0.9,1.7,2.7,49,77,93,0.0,0.05,0.05,0.0,0.05,0.05,0.08,0.13,0.05,0.13
ENG-Premier League,1920,Everton,Theo Walcott,ENG,"MF,FW",30,1989,25,17,1287,14.3,2,3,5,2,0,0,1,0,3.1,3.1,3.7,6.8,34,34,127,0.14,0.21,0.35,0.14,0.35,0.22,0.26,0.48,0.22,0.48
ENG-Premier League,1920,Everton,Tom Davies,ENG,MF,21,1998,30,23,2027,22.5,1,0,1,1,0,0,8,0,1.6,1.6,0.5,2.1,24,113,32,0.04,0.0,0.04,0.04,0.04,0.07,0.02,0.09,0.07,0.09
ENG-Premier League,1920,Everton,Yerry Mina,COL,DF,24,1994,29,25,2284,25.4,2,1,3,2,0,0,3,0,3.4,3.4,1.4,4.8,11,83,4,0.08,0.04,0.12,0.08,0.12,0.13,0.05,0.19,0.13,0.19
ENG-Premier League,1920,Leicester City,Ayoze Pérez,ESP,"MF,FW",26,1993,33,26,2004,22.3,8,4,12,7,1,1,0,0,6.5,5.7,4.0,9.7,47,62,159,0.36,0.18,0.54,0.31,0.49,0.29,0.18,0.47,0.26,0.44
ENG-Premier League,1920,Leicester City,Ben Chilwell,ENG,DF,22,1996,27,27,2373,26.4,3,3,6,3,0,0,3,0,1.0,1.0,3.9,4.9,109,126,180,0.11,0.11,0.23,0.11,0.23,0.04,0.15,0.19,0.04,0.19
ENG-Premier League,1920,Leicester City,Christian Fuchs,AUT,DF,33,1986,11,8,772,8.6,0,0,0,0,0,0,0,0,0.2,0.2,0.1,0.3,8,46,18,0.0,0.0,0.0,0.0,0.0,0.03,0.01,0.04,0.03,0.04
ENG-Premier League,1920,Leicester City,Demarai Gray,JAM,"MF,FW",23,1996,21,3,622,6.9,2,3,5,2,0,1,1,0,2.8,2.0,2.1,4.0,40,21,78,0.29,0.43,0.72,0.29,0.72,0.4,0.3,0.7,0.28,0.59
ENG-Premier League,1920,Leicester City,Dennis Praet,BEL,MF,25,1994,27,12,1134,12.6,1,2,3,1,0,0,2,0,0.9,0.9,1.3,2.3,10,42,42,0.08,0.16,0.24,0.08,0.24,0.07,0.11,0.18,0.07,0.18
ENG-Premier League,1920,Leicester City,George Hirst,ENG,"MF,DF",20,1999,2,0,11,0.1,0,0,0,0,0,0,0,0,0.1,0.1,0.0,0.1,0,0,1,0.0,0.0,0.0,0.0,0.0,1.21,0.0,1.21,1.21,1.21
ENG-Premier League,1920,Leicester City,Hamza Choudhury,ENG,MF,21,1997,20,10,893,9.9,1,1,2,1,0,0,4,1,0.4,0.4,0.1,0.5,5,32,10,0.1,0.1,0.2,0.1,0.2,0.04,0.01,0.05,0.04,0.05
ENG-Premier League,1920,Leicester City,Harvey Barnes,ENG,"MF,FW",21,1997,36,24,2083,23.1,6,8,14,6,0,0,0,0,8.1,8.1,4.1,12.2,95,90,221,0.26,0.35,0.6,0.26,0.6,0.35,0.18,0.53,0.35,0.53
ENG-Premier League,1920,Leicester City,James Justin,ENG,"DF,MF",21,1998,13,11,1012,11.2,0,1,1,0,0,0,1,0,0.3,0.3,1.0,1.3,30,56,59,0.0,0.09,0.09,0.0,0.09,0.03,0.09,0.11,0.03,0.11
ENG-Premier League,1920,Leicester City,James Maddison,ENG,MF,22,1996,31,29,2624,29.2,6,3,9,6,0,0,4,0,5.3,5.3,6.4,11.8,53,192,138,0.21,0.1,0.31,0.21,0.31,0.18,0.22,0.4,0.18,0.4
ENG-Premier League,1920,Leicester City,Jamie Vardy,ENG,FW,32,1987,35,34,3033,33.7,23,5,28,19,4,5,2,0,19.2,15.3,5.9,21.2,61,44,200,0.68,0.15,0.83,0.56,0.71,0.57,0.18,0.75,0.45,0.63
ENG-Premier League,1920,Leicester City,Jonny Evans,NIR,DF,31,1988,38,38,3383,37.6,1,1,2,1,0,0,8,1,3.7,3.7,0.7,4.4,31,157,4,0.03,0.03,0.05,0.03,0.05,0.1,0.02,0.12,0.1,0.12
ENG-Premier League,1920,Leicester City,Kasper Schmeichel,DEN,GK,32,1986,38,38,3420,38.0,0,0,0,0,0,0,2,0,0.0,0.0,0.5,0.5,0,1,0,0.0,0.0,0.0,0.0,0.0,0.0,0.01,0.01,0.0,0.01
ENG-Premier League,1920,Leicester City,Kelechi Iheanacho,NGA,FW,22,1996,20,12,960,10.7,5,3,8,5,0,0,1,0,6.0,6.0,2.6,8.6,22,29,88,0.47,0.28,0.75,0.47,0.75,0.56,0.24,0.8,0.56,0.8
ENG-Premier League,1920,Leicester City,Luke Thomas,ENG,"MF,DF",18,2001,3,3,267,3.0,0,1,1,0,0,0,0,0,0.0,0.0,0.6,0.6,6,13,16,0.0,0.34,0.34,0.0,0.34,0.0,0.21,0.21,0.0,0.21
ENG-Premier League,1920,Leicester City,Marc Albrighton,ENG,"MF,DF",29,1989,20,9,867,9.6,0,3,3,0,0,0,2,0,0.4,0.4,2.2,2.6,20,45,94,0.0,0.31,0.31,0.0,0.31,0.04,0.22,0.27,0.04,0.27
ENG-Premier League,1920,Leicester City,Matty James,ENG,MF,28,1991,1,0,6,0.1,0,0,0,0,0,0,0,0,0.0,0.0,0.0,0.0,0,1,0,0.0,0.0,0.0,0.0,0.0,0.0,0.0,0.0,0.0,0.0
ENG-Premier League,1920,Leicester City,Nampalys Mendy,SEN,MF,27,1992,7,4,291,3.2,0,0,0,0,0,0,0,0,0.0,0.0,0.1,0.1,1,13,6,0.0,0.0,0.0,0.0,0.0,0.01,0.03,0.04,0.01,0.04
ENG-Premier League,1920,Leicester City,Ricardo Pereira,POR,DF,25,1993,28,28,2520,28.0,3,2,5,3,0,0,1,0,1.2,1.2,3.8,4.9,116,177,138,0.11,0.07,0.18,0.11,0.18,0.04,0.13,0.18,0.04,0.18
ENG-Premier League,1920,Leicester City,Ryan Bennett,ENG,DF,29,1990,5,3,331,3.7,0,0,0,0,0,0,0,0,0.0,0.0,0.0,0.0,3,13,1,0.0,0.0,0.0,0.0,0.0,0.0,0.0,0.0,0.0,0.0
ENG-Premier League,1920,Leicester City,Wes Morgan,JAM,DF,35,1984,11,4,436,4.8,0,0,0,0,0,0,0,0,0.5,0.5,0.0,0.5,1,3,1,0.0,0.0,0.0,0.0,0.0,0.11,0.0,0.11,0.11,0.11
ENG-Premier League,1920,Leicester City,Wilfred Ndidi,NGA,MF,22,1996,32,29,2674,29.7,2,1,3,2,0,0,6,0,1.6,1.6,0.6,2.2,13,109,19,0.07,0.03,0.1,0.07,0.1,0.06,0.02,0.08,0.06,0.08
ENG-Premier League,1920,Leicester City,Youri Tielemans,BEL,MF,22,1997,37,32,2828,31.4,3,6,9,3,0,0,2,0,2.7,2.7,4.5,7.2,46,215,123,0.1,0.19,0.29,0.1,0.29,0.09,0.14,0.23,0.09,0.23
ENG-Premier League,1920,Leicester City,Çağlar Söyüncü,TUR,DF,23,1996,34,34,3036,33.7,1,1,2,1,0,0,4,1,2.1,2.1,0.8,2.9,22,125,5,0.03,0.03,0.06,0.03,0.06,0.06,0.02,0.09,0.06,0.09
ENG-Premier League,1920,Liverpool,Adam Lallana,ENG,"MF,FW",31,1988,15,3,382,4.2,1,1,2,1,0,0,1,0,0.8,0.8,0.6,1.3,9,23,17,0.24,0.24,0.47,0.24,0.47,0.18,0.14,0.31,0.18,0.31
ENG-Premier League,1920,Liverpool,Adrián,ESP,GK,32,1987,11,9,875,9.7,0,0,0,0,0,0,1,0,0.0,0.0,0.0,0.0,0,0,0,0.0,0.0,0.0,0.0,0.0,0.0,0.0,0.0,0.0,0.0
ENG-Premier League,1920,Liverpool,Alex Oxlade-Chamberlain,ENG,"MF,FW",25,1993,30,17,1485,16.5,4,1,5,4,0,0,1,0,2.8,2.8,1.1,3.9,48,97,95,0.24,0.06,0.3,0.24,0.3,0.17,0.06,0.24,0.17,0.24
ENG-Premier League,1920,Liverpool,Alisson,BRA,GK,26,1992,29,29,2543,28.3,0,1,1,0,0,0,0,1,0.0,0.0,0.3,0.3,0,1,0,0.0,0.04,0.04,0.0,0.04,0.0,0.01,0.01,0.0,0.01
ENG-Premier League,1920,Liverpool,Andrew Robertson,SCO,DF,25,1994,36,34,3111,34.6,2,12,14,2,0,0,2,0,1.8,1.8,7.5,9.3,149,219,277,0.06,0.35,0.41,0.06,0.41,0.05,0.22,0.27,0.05,0.27
ENG-Premier League,1920,Liverpool,Curtis Jones,ENG,MF,18,2001,6,1,126,1.4,1,0,1,1,0,0,0,0,0.4,0.4,0.0,0.4,4,9,7,0.71,0.0,0.71,0.71,0.71,0.32,0.0,0.32,0.32,0.32
ENG-Premier League,1920,Liverpool,Dejan Lovren,CRO,DF,30,1989,10,9,777,8.6,0,1,1,0,0,0,1,0,0.4,0.4,0.3,0.7,8,46,3,0.0,0.12,0.12,0.0,0.12,0.05,0.04,0.08,0.05,0.08
ENG-Premier League,1920,Liverpool,Divock Origi,BEL,FW,24,1995,28,7,717,8.0,4,1,5,4,0,0,1,0,1.8,1.8,0.8,2.6,37,12,90,0.5,0.13,0.63,0.5,0.63,0.22,0.1,0.32,0.22,0.32
ENG-Premier League,1920,Liverpool,Fabinho,BRA,MF,25,1993,28,22,2079,23.1,2,3,5,2,0,0,6,0,0.4,0.4,1.6,2.1,19,129,23,0.09,0.13,0.22,0.09,0.22,0.02,0.07,0.09,0.02,0.09
ENG-Premier League,1920,Liverpool,Georginio Wijnaldum,NED,MF,28,1990,37,35,2935,32.6,4,0,4,4,0,0,0,0,2.6,2.6,0.8,3.3,74,137,99,0.12,0.0,0.12,0.12,0.12,0.08,0.02,0.1,0.08,0.1
ENG-Premier League,1920,Liverpool,Harvey Elliott,ENG,DF,16,2003,2,0,8,0.1,0,0,0,0,0,0,0,0,0.0,0.0,0.0,0.0,0,2,1,0.0,0.0,0.0,0.0,0.0,0.0,0.0,0.0,0.0,0.0
ENG-Premier League,1920,Liverpool,James Milner,ENG,"MF,DF",33,1986,22,9,937,10.4,2,2,4,0,2,2,4,0,2.2,0.6,0.7,1.3,18,71,42,0.19,0.19,0.38,0.0,0.19,0.21,0.07,0.28,0.06,0.13
ENG-Premier League,1920,Liverpool,Joe Gomez,ENG,DF,22,1997,28,22,2004,22.3,0,0,0,0,0,0,7,0,0.0,0.0,0.2,0.2,17,115,11,0.0,0.0,0.0,0.0,0.0,0.0,0.01,0.01,0.0,0.01
ENG-Premier League,1920,Liverpool,Jordan Henderson,ENG,MF,29,1990,30,26,2238,24.9,4,5,9,4,0,0,2,0,1.1,1.1,3.1,4.2,51,197,77,0.16,0.2,0.36,0.16,0.36,0.04,0.13,0.17,0.04,0.17
ENG-Premier League,1920,Liverpool,Joël Matip,CMR,DF,27,1991,9,8,703,7.8,1,0,1,1,0,0,0,0,0.3,0.3,0.0,0.4,6,36,2,0.13,0.0,0.13,0.13,0.13,0.04,0.0,0.05,0.04,0.05
ENG-Premier League,1920,Liverpool,Mohamed Salah,EGY,FW,27,1992,34,33,2876,32.0,19,10,29,16,3,3,1,0,19.0,16.6,7.8,24.5,105,91,347,0.59,0.31,0.91,0.5,0.81,0.59,0.25,0.84,0.52,0.77
ENG-Premier League,1920,Liverpool,Naby Keïta,GUI,MF,24,1995,18,9,815,9.1,2,3,5,2,0,0,1,0,1.6,1.6,2.7,4.4,35,69,36,0.22,0.33,0.55,0.22,0.55,0.18,0.3,0.48,0.18,0.48
ENG-Premier League,1920,Liverpool,Neco Williams,WAL,DF,18,2001,6,3,230,2.6,0,0,0,0,0,0,1,0,0.3,0.3,0.1,0.3,10,9,17,0.0,0.0,0.0,0.0,0.0,0.1,0.03,0.13,0.1,0.13
ENG-Premier League,1920,Liverpool,Roberto Firmino,BRA,FW,27,1991,38,34,2988,33.2,9,8,17,9,0,0,0,0,14.0,14.0,6.5,20.5,90,111,218,0.27,0.24,0.51,0.27,0.51,0.42,0.2,0.62,0.42,0.62
ENG-Premier League,1920,Liverpool,Sadio Mané,SEN,FW,27,1992,35,31,2747,30.5,18,7,25,18,0,0,3,0,13.2,13.2,6.6,19.8,159,128,286,0.59,0.23,0.82,0.59,0.82,0.43,0.22,0.65,0.43,0.65
ENG-Premier League,1920,Liverpool,Takumi Minamino,JPN,"FW,MF",24,1995,10,2,249,2.8,0,0,0,0,0,0,0,0,0.8,0.8,0.0,0.9,8,4,22,0.0,0.0,0.0,0.0,0.0,0.3,0.01,0.31,0.3,0.31
ENG-Premier League,1920,Liverpool,Trent Alexander-Arnold,ENG,DF,20,1998,38,35,3175,35.3,4,13,17,4,0,0,5,0,2.8,2.8,10.9,13.7,98,247,226,0.11,0.37,0.48,0.11,0.48,0.08,0.31,0.39,0.08,0.39
ENG-Premier League,1920,Liverpool,Virgil van Dijk,NED,DF,28,1991,38,38,3420,38.0,5,1,6,5,0,0,1,0,2.9,2.9,1.3,4.2,21,170,14,0.13,0.03,0.16,0.13,0.16,0.08,0.04,0.11,0.08,0.11
ENG-Premier League,1920,Liverpool,Xherdan Shaqiri,SUI,"FW,MF",27,1991,7,2,185,2.1,1,0,1,1,0,0,0,0,0.5,0.5,0.2,0.7,1,18,15,0.49,0.0,0.49,0.49,0.49,0.25,0.09,0.33,0.25,0.33
ENG-Premier League,1920,Manchester City,Angeliño,ESP,DF,22,1997,6,4,423,4.7,0,0,0,0,0,0,1,0,0.2,0.2,1.5,1.7,21,41,70,0.0,0.0,0.0,0.0,0.0,0.05,0.32,0.36,0.05,0.36
ENG-Premier League,1920,Manchester City,Aymeric Laporte,ESP,DF,25,1994,15,14,1097,12.2,1,0,1,1,0,0,1,0,0.5,0.5,0.1,0.7,23,112,3,0.08,0.0,0.08,0.08,0.08,0.04,0.01,0.05,0.04,0.05
ENG-Premier League,1920,Manchester City,Benjamin Mendy,FRA,DF,25,1994,19,18,1492,16.6,0,2,2,0,0,0,3,0,0.4,0.4,1.4,1.8,60,87,176,0.0,0.12,0.12,0.0,0.12,0.02,0.09,0.11,0.02,0.11
ENG-Premier League,1920,Manchester City,Bernardo Silva,POR,"FW,MF",24,1994,34,23,2030,22.6,6,7,13,6,0,0,5,0,6.0,6.0,5.0,10.9,117,122,259,0.27,0.31,0.58,0.27,0.58,0.26,0.22,0.48,0.26,0.48
ENG-Premier League,1920,Manchester City,Claudio Bravo,CHI,GK,36,1983,4,3,347,3.9,0,0,0,0,0,0,0,0,0.0,0.0,0.0,0.0,0,0,0,0.0,0.0,0.0,0.0,0.0,0.0,0.0,0.0,0.0,0.0
ENG-Premier League,1920,Manchester City,David Silva,ESP,MF,33,1986,27,22,1826,20.3,6,10,16,6,0,0,0,0,6.4,6.4,6.5,12.9,82,203,175,0.3,0.49,0.79,0.3,0.79,0.31,0.32,0.63,0.31,0.63
ENG-Premier League,1920,Manchester City,Ederson,BRA,GK,25,1993,35,35,3071,34.1,0,0,0,0,0,0,3,1,0.0,0.0,0.1,0.1,0,0,0,0.0,0.0,0.0,0.0,0.0,0.0,0.0,0.0,0.0,0.0
ENG-Premier League,1920,Manchester City,Eric García,ESP,DF,18,2001,13,8,793,8.8,0,0,0,0,0,0,1,0,0.5,0.5,0.2,0.7,7,53,0,0.0,0.0,0.0,0.0,0.0,0.06,0.02,0.08,0.06,0.08
ENG-Premier League,1920,Manchester City,Fernandinho,BRA,DF,34,1985,30,26,2397,26.6,0,1,1,0,0,0,9,2,1.0,1.0,0.4,1.4,51,213,7,0.0,0.04,0.04,0.0,0.04,0.04,0.01,0.05,0.04,0.05
ENG-Premier League,1920,Manchester City,Gabriel Jesus,BRA,FW,22,1997,34,21,2030,22.6,14,7,21,14,0,1,3,0,18.2,17.4,3.2,20.6,55,37,203,0.62,0.31,0.93,0.62,0.93,0.81,0.14,0.95,0.77,0.91
ENG-Premier League,1920,Manchester City,John Stones,ENG,DF,25,1994,16,12,1122,12.5,0,0,0,0,0,0,0,0,0.4,0.4,0.1,0.5,22,83,1,0.0,0.0,0.0,0.0,0.0,0.03,0.01,0.04,0.03,0.04
ENG-Premier League,1920,Manchester City,João Cancelo,POR,DF,25,1994,17,13,1208,13.4,0,0,0,0,0,0,4,0,0.6,0.6,2.8,3.3,42,105,80,0.0,0.0,0.0,0.0,0.0,0.04,0.21,0.25,0.04,0.25
ENG-Premier League,1920,Manchester City,Kevin De Bruyne,BEL,MF,28,1991,35,32,2791,31.0,13,20,33,11,2,2,3,0,7.3,5.8,20.0,25.8,139,280,257,0.42,0.64,1.06,0.35,1.0,0.24,0.65,0.88,0.19,0.83
ENG-Premier League,1920,Manchester City,Kyle Walker,ENG,DF,29,1990,29,28,2392,26.6,1,4,5,1,0,0,5,0,1.2,1.2,1.5,2.7,107,194,121,0.04,0.15,0.19,0.04,0.19,0.05,0.06,0.1,0.05,0.1
ENG-Premier League,1920,Manchester City,Leroy Sané,GER,FW,23,1996,1,0,12,0.1,0,0,0,0,0,0,0,0,0.1,0.1,0.0,0.1,2,1,4,0.0,0.0,0.0,0.0,0.0,0.86,0.0,0.86,0.86,0.86
ENG-Premier League,1920,Manchester City,Nicolás Otamendi,ARG,DF,31,1988,24,18,1715,19.1,2,0,2,2,0,0,3,0,1.9,1.9,0.2,2.1,14,78,4,0.1,0.0,0.1,0.1,0.1,0.1,0.01,0.11,0.1,0.11
ENG-Premier League,1920,Manchester City,Oleksandr Zinchenko,UKR,DF,22,1996,19,13,1276,14.2,0,0,0,0,0,0,2,1,0.5,0.5,1.5,2.0,37,114,134,0.0,0.0,0.0,0.0,0.0,0.03,0.11,0.14,0.03,0.14
ENG-Premier League,1920,Manchester City,Phil Foden,ENG,"FW,MF",19,2000,23,9,901,10.0,5,2,7,5,0,0,0,0,3.3,3.3,1.2,4.5,36,49,102,0.5,0.2,0.7,0.5,0.7,0.33,0.12,0.45,0.33,0.45
ENG-Premier League,1920,Manchester City,Raheem Sterling,ENG,FW,24,1994,33,30,2651,29.5,20,1,21,20,0,2,5,0,18.2,16.4,6.2,22.7,151,100,429,0.68,0.03,0.71,0.68,0.71,0.62,0.21,0.83,0.56,0.77
ENG-Premier League,1920,Manchester City,Riyad Mahrez,ALG,"FW,MF",28,1991,33,21,1944,21.6,11,9,20,10,1,1,0,0,7.8,7.0,10.0,17.0,118,120,246,0.51,0.42,0.93,0.46,0.88,0.36,0.46,0.83,0.33,0.79
ENG-Premier League,1920,Manchester City,Rodri,ESP,MF,23,1996,35,29,2486,27.6,3,2,5,3,0,0,8,0,0.9,0.9,2.6,3.5,41,232,21,0.11,0.07,0.18,0.11,0.18,0.03,0.09,0.13,0.03,0.13
ENG-Premier League,1920,Manchester City,Sergio Agüero,ARG,FW,31,1988,24,18,1452,16.1,16,3,19,14,2,3,1,0,14.5,12.1,2.3,14.4,35,34,105,0.99,0.19,1.18,0.87,1.05,0.9,0.14,1.04,0.75,0.89
ENG-Premier League,1920,Manchester City,Tommy Doyle,ENG,MF,17,2001,1,0,16,0.2,0,0,0,0,0,0,0,0,0.0,0.0,0.0,0.0,0,0,0,0.0,0.0,0.0,0.0,0.0,0.24,0.0,0.24,0.24,0.24
ENG-Premier League,1920,Manchester City,İlkay Gündoğan,GER,MF,28,1990,31,21,2020,22.4,2,1,3,1,1,2,7,0,4.0,2.4,2.1,4.5,39,202,56,0.09,0.04,0.13,0.04,0.09,0.18,0.1,0.27,0.11,0.2
ENG-Premier League,1920,Manchester Utd,Aaron Wan-Bissaka,ENG,DF,21,1997,35,34,3070,34.1,0,4,4,0,0,0,8,0,0.7,0.7,3.0,3.7,100,134,175,0.0,0.12,0.12,0.0,0.12,0.02,0.09,0.11,0.02,0.11
ENG-Premier League,1920,Manchester Utd,Andreas Pereira,BRA,"MF,FW",23,1996,25,18,1484,16.5,1,3,4,1,0,0,3,0,2.3,2.3,4.0,6.2,49,89,102,0.06,0.18,0.24,0.06,0.24,0.14,0.24,0.38,0.14,0.38
ENG-Premier League,1920,Manchester Utd,Angel Gomes,ENG,MF,18,2000,2,0,21,0.2,0,0,0,0,0,0,0,0,0.0,0.0,0.1,0.1,2,4,2,0.0,0.0,0.0,0.0,0.0,0.0,0.59,0.59,0.0,0.59
ENG-Premier League,1920,Manchester Utd,Anthony Martial,FRA,FW,23,1995,32,31,2624,29.2,17,6,23,17,0,1,1,0,12.1,11.3,4.4,15.7,76,82,275,0.58,0.21,0.79,0.58,0.79,0.41,0.15,0.56,0.39,0.54
ENG-Premier League,1920,Manchester Utd,Ashley Young,ENG,DF,34,1985,12,10,955,10.6,0,0,0,0,0,0,5,0,0.1,0.1,1.5,1.6,25,72,35,0.0,0.0,0.0,0.0,0.0,0.01,0.14,0.15,0.01,0.15
ENG-Premier League,1920,Manchester Utd,Axel Tuanzebe,COD,DF,21,1997,5,2,189,2.1,0,0,0,0,0,0,0,0,0.0,0.0,0.0,0.0,1,8,2,0.0,0.0,0.0,0.0,0.0,0.0,0.0,0.0,0.0,0.0
ENG-Premier League,1920,Manchester Utd,Brandon Williams,ENG,DF,18,2000,17,11,1006,11.2,1,0,1,1,0,0,6,0,1.0,1.0,0.6,1.6,40,44,70,0.09,0.0,0.09,0.09,0.09,0.09,0.05,0.14,0.09,0.14
ENG-Premier League,1920,Manchester Utd,Bruno Fernandes,POR,MF,24,1994,14,14,1186,13.2,8,7,15,4,4,4,2,0,6.2,3.0,2.5,5.5,34,110,92,0.61,0.53,1.14,0.3,0.83,0.47,0.19,0.66,0.23,0.42
ENG-Premier League,1920,Manchester Utd,Daniel James,WAL,FW,21,1997,33,26,2287,25.4,3,6,9,3,0,0,4,0,3.1,3.1,3.9,7.0,140,60,263,0.12,0.24,0.35,0.12,0.35,0.12,0.15,0.28,0.12,0.28
ENG-Premier League,1920,Manchester Utd,David de Gea,ESP,GK,28,1990,38,38,3420,38.0,0,0,0,0,0,0,2,0,0.0,0.0,0.0,0.0,0,0,0,0.0,0.0,0.0,0.0,0.0,0.0,0.0,0.0,0.0,0.0
ENG-Premier League,1920,Manchester Utd,Diogo Dalot,POR,"DF,MF",20,1999,4,1,67,0.7,0,0,0,0,0,0,0,0,0.3,0.3,0.0,0.3,2,3,7,0.0,0.0,0.0,0.0,0.0,0.39,0.0,0.39,0.39,0.39
ENG-Premier League,1920,Manchester Utd,Eric Bailly,CIV,DF,25,1994,4,1,150,1.7,0,0,0,0,0,0,0,0,0.0,0.0,0.0,0.0,1,4,1,0.0,0.0,0.0,0.0,0.0,0.0,0.0,0.0,0.0,0.0
ENG-Premier League,1920,Manchester Utd,Fred,BRA,MF,26,1993,29,23,2163,24.0,0,0,0,0,0,0,8,0,1.7,1.7,2.1,3.8,28,158,39,0.0,0.0,0.0,0.0,0.0,0.07,0.09,0.16,0.07,0.16
ENG-Premier League,1920,Manchester Utd,Harry Maguire,ENG,DF,26,1993,38,38,3420,38.0,1,1,2,1,0,0,6,0,2.1,2.1,1.4,3.4,69,171,10,0.03,0.03,0.05,0.03,0.05,0.06,0.04,0.09,0.05,0.09
ENG-Premier League,1920,Manchester Utd,James Garner,ENG,MF,18,2001,1,0,9,0.1,0,0,0,0,0,0,0,0,0.0,0.0,0.0,0.0,0,0,0,0.0,0.0,0.0,0.0,0.0,0.0,0.0,0.0,0.0,0.0
ENG-Premier League,1920,Manchester Utd,Jesse Lingard,ENG,"MF,FW",26,1992,22,9,935,10.4,1,0,1,1,0,0,3,0,1.9,1.9,1.0,2.9,28,45,73,0.1,0.0,0.1,0.1,0.1,0.18,0.09,0.28,0.18,0.28
ENG-Premier League,1920,Manchester Utd,Juan Mata,ESP,"MF,FW",31,1988,19,8,758,8.4,0,2,2,0,0,0,1,0,1.1,1.1,2.1,3.2,17,64,65,0.0,0.24,0.24,0.0,0.24,0.13,0.25,0.38,0.13,0.38
ENG-Premier League,1920,Manchester Utd,Luke Shaw,ENG,DF,24,1995,24,20,1733,19.3,0,0,0,0,0,0,7,0,0.7,0.7,1.4,2.1,60,122,103,0.0,0.0,0.0,0.0,0.0,0.03,0.07,0.11,0.03,0.11
ENG-Premier League,1920,Manchester Utd,Marcos Rojo,ARG,DF,29,1990,3,1,122,1.4,0,0,0,0,0,0,1,0,0.2,0.2,0.0,0.2,0,6,1,0.0,0.0,0.0,0.0,0.0,0.15,0.0,0.15,0.15,0.15
ENG-Premier League,1920,Manchester Utd,Marcus Rashford,ENG,FW,21,1997,31,31,2643,29.4,17,7,24,11,6,8,3,0,19.2,12.9,5.0,17.9,105,124,250,0.58,0.24,0.82,0.37,0.61,0.65,0.17,0.82,0.44,0.61
ENG-Premier League,1920,Manchester Utd,Mason Greenwood,ENG,FW,17,2001,31,12,1320,14.7,10,1,11,10,0,0,0,0,2.9,2.9,1.0,3.9,32,37,116,0.68,0.07,0.75,0.68,0.75,0.2,0.07,0.27,0.2,0.27
ENG-Premier League,1920,Manchester Utd,Nemanja Matić,SRB,MF,30,1988,21,18,1581,17.6,0,2,2,0,0,0,3,0,0.2,0.2,0.7,1.0,39,121,8,0.0,0.11,0.11,0.0,0.11,0.01,0.04,0.05,0.01,0.05
ENG-Premier League,1920,Manchester Utd,Odion Ighalo,NGA,FW,30,1989,11,0,101,1.1,0,0,0,0,0,0,0,0,1.9,1.9,0.1,2.0,2,2,13,0.0,0.0,0.0,0.0,0.0,1.68,0.07,1.75,1.68,1.75
ENG-Premier League,1920,Manchester Utd,Paul Pogba,FRA,MF,26,1993,16,13,1204,13.4,1,3,4,1,0,1,1,0,2.4,1.6,2.5,4.1,27,111,30,0.07,0.22,0.3,0.07,0.3,0.18,0.19,0.37,0.12,0.31
ENG-Premier League,1920,Manchester Utd,Phil Jones,ENG,DF,27,1992,2,2,135,1.5,0,0,0,0,0,0,0,0,0.1,0.1,0.0,0.1,2,7,1,0.0,0.0,0.0,0.0,0.0,0.09,0.0,0.09,0.09,0.09
ENG-Premier League,1920,Manchester Utd,Scott McTominay,SCO,MF,22,1996,27,20,1772,19.7,4,1,5,4,0,0,2,0,2.2,2.2,1.0,3.2,25,95,27,0.2,0.05,0.25,0.2,0.25,0.11,0.05,0.16,0.11,0.16
ENG-Premier League,1920,Manchester Utd,Tahith Chong,NED,"FW,DF",19,1999,3,0,37,0.4,0,0,0,0,0,0,0,0,0.1,0.1,0.0,0.1,2,0,5,0.0,0.0,0.0,0.0,0.0,0.13,0.0,0.13,0.13,0.13
ENG-Premier League,1920,Manchester Utd,Timothy Fosu-Mensah,NED,DF,21,1998,3,2,136,1.5,0,0,0,0,0,0,1,0,0.1,0.1,0.1,0.2,4,4,11,0.0,0.0,0.0,0.0,0.0,0.05,0.07,0.11,0.05,0.11
ENG-Premier League,1920,Manchester Utd,Victor Lindelöf,SWE,DF,25,1994,35,35,3092,34.4,1,0,1,1,0,0,6,0,0.3,0.3,0.3,0.7,16,111,3,0.03,0.0,0.03,0.03,0.03,0.01,0.01,0.02,0.01,0.02
ENG-Premier League,1920,Newcastle Utd,Allan Saint-Maximin,FRA,"MF,FW",22,1997,26,23,1863,20.7,3,4,7,3,0,0,0,0,3.3,3.3,3.3,6.6,125,49,92,0.14,0.19,0.34,0.14,0.34,0.16,0.16,0.32,0.16,0.32
ENG-Premier League,1920,Newcastle Utd,Andy Carroll,ENG,FW,30,1989,19,4,632,7.0,0,4,4,0,0,0,1,0,1.2,1.2,1.4,2.6,4,17,34,0.0,0.57,0.57,0.0,0.57,0.17,0.2,0.37,0.17,0.37
ENG-Premier League,1920,Newcastle Utd,Christian Atsu,GHA,"MF,FW",27,1992,19,6,749,8.3,0,3,3,0,0,0,2,0,0.2,0.2,1.3,1.5,29,16,22,0.0,0.36,0.36,0.0,0.36,0.03,0.15,0.18,0.03,0.18
ENG-Premier League,1920,Newcastle Utd,Ciaran Clark,IRL,DF,29,1989,14,14,1186,13.2,2,0,2,2,0,0,3,0,1.3,1.3,0.0,1.3,2,16,2,0.15,0.0,0.15,0.15,0.15,0.1,0.0,0.1,0.1,0.1
ENG-Premier League,1920,Newcastle Utd,Danny Rose,ENG,DF,29,1990,11,10,863,9.6,0,0,0,0,0,0,2,0,0.0,0.0,0.2,0.2,4,32,21,0.0,0.0,0.0,0.0,0.0,0.0,0.02,0.02,0.0,0.02
ENG-Premier League,1920,Newcastle Utd,DeAndre Yedlin,USA,DF,26,1993,16,10,938,10.4,1,0,1,1,0,0,3,0,0.8,0.8,0.3,1.1,12,14,40,0.1,0.0,0.1,0.1,0.1,0.07,0.03,0.1,0.07,0.1
ENG-Premier League,1920,Newcastle Utd,Dwight Gayle,ENG,FW,28,1990,20,10,850,9.4,4,2,6,4,0,0,2,0,4.3,4.3,0.8,5.1,7,7,43,0.42,0.21,0.64,0.42,0.64,0.46,0.09,0.54,0.46,0.54
ENG-Premier League,1920,Newcastle Utd,Emil Krafth,SWE,DF,24,1994,17,11,1020,11.3,0,1,1,0,0,0,0,0,0.3,0.3,0.6,1.0,11,19,20,0.0,0.09,0.09,0.0,0.09,0.03,0.06,0.08,0.03,0.08
ENG-Premier League,1920,Newcastle Utd,Fabian Schär,SUI,"DF,MF",27,1991,22,18,1672,18.6,2,0,2,2,0,0,5,0,1.4,1.4,0.1,1.6,20,53,6,0.11,0.0,0.11,0.11,0.11,0.08,0.01,0.09,0.08,0.09
ENG-Premier League,1920,Newcastle Utd,Federico Fernández,ARG,DF,30,1989,32,29,2620,29.1,2,2,4,2,0,0,8,0,1.4,1.4,1.2,2.6,4,43,13,0.07,0.07,0.14,0.07,0.14,0.05,0.04,0.09,0.05,0.09
ENG-Premier League,1920,Newcastle Utd,Florian Lejeune,FRA,DF,28,1991,6,4,442,4.9,2,0,2,2,0,0,0,0,1.2,1.2,0.0,1.2,1,7,0,0.41,0.0,0.41,0.41,0.41,0.24,0.01,0.25,0.24,0.25
ENG-Premier League,1920,Newcastle Utd,Isaac Hayden,ENG,MF,24,1995,29,26,2223,24.7,1,2,3,1,0,0,4,1,1.2,1.2,2.3,3.5,24,52,30,0.04,0.08,0.12,0.04,0.12,0.05,0.09,0.14,0.05,0.14
ENG-Premier League,1920,Newcastle Utd,Jamaal Lascelles,ENG,DF,25,1993,24,24,2076,23.1,1,0,1,1,0,0,5,0,0.5,0.5,0.2,0.7,3,21,1,0.04,0.0,0.04,0.04,0.04,0.02,0.01,0.03,0.02,0.03
ENG-Premier League,1920,Newcastle Utd,Javier Manquillo,ESP,DF,25,1994,21,18,1599,17.8,0,1,1,0,0,0,5,0,0.0,0.0,0.2,0.3,22,28,49,0.0,0.06,0.06,0.0,0.06,0.0,0.01,0.02,0.0,0.02
ENG-Premier League,1920,Newcastle Utd,Jetro Willems,NED,DF,25,1994,19,18,1493,16.6,2,2,4,2,0,0,0,0,0.6,0.6,0.9,1.5,24,43,31,0.12,0.12,0.24,0.12,0.24,0.03,0.06,0.09,0.03,0.09
ENG-Premier League,1920,Newcastle Utd,Joelinton,BRA,FW,22,1996,38,32,2683,29.8,2,2,4,2,0,0,7,0,5.5,5.5,2.9,8.3,47,56,133,0.07,0.07,0.13,0.07,0.13,0.18,0.1,0.28,0.18,0.28
ENG-Premier League,1920,Newcastle Utd,Jonjo Shelvey,ENG,MF,27,1992,26,25,2119,23.5,6,2,8,6,0,0,3,0,2.5,2.5,3.6,6.1,22,124,28,0.25,0.08,0.34,0.25,0.34,0.1,0.15,0.26,0.1,0.26
ENG-Premier League,1920,Newcastle Utd,Kelland Watts,ENG,DF,19,1999,1,0,17,0.2,0,0,0,0,0,0,0,0,0.0,0.0,0.0,0.0,0,0,0,0.0,0.0,0.0,0.0,0.0,0.0,0.0,0.0,0.0,0.0
ENG-Premier League,1920,Newcastle Utd,Ki Sung-yueng,KOR,MF,30,1989,3,1,137,1.5,0,0,0,0,0,0,0,0,0.0,0.0,0.1,0.1,1,6,3,0.0,0.0,0.0,0.0,0.0,0.0,0.05,0.05,0.0,0.05
ENG-Premier League,1920,Newcastle Utd,Martin Dúbravka,SVK,GK,30,1989,38,38,3420,38.0,0,0,0,0,0,0,0,0,0.0,0.0,0.0,0.0,0,0,0,0.0,0.0,0.0,0.0,0.0,0.0,0.0,0.0,0.0,0.0
ENG-Premier League,1920,Newcastle Utd,Matt Ritchie,SCO,"DF,MF",29,1989,18,14,1315,14.6,2,1,3,2,0,1,4,0,1.7,0.9,2.3,3.2,23,52,43,0.14,0.07,0.21,0.14,0.21,0.12,0.16,0.28,0.06,0.22
ENG-Premier League,1920,Newcastle Utd,Matthew Longstaff,ENG,MF,19,2000,9,6,575,6.4,2,0,2,2,0,0,1,0,0.3,0.3,0.4,0.7,4,17,2,0.31,0.0,0.31,0.31,0.31,0.04,0.06,0.1,0.04,0.1
ENG-Premier League,1920,Newcastle Utd,Miguel Almirón,PAR,"MF,FW",25,1994,36,35,3021,33.6,4,2,6,4,0,0,5,0,6.7,6.7,3.0,9.7,120,77,160,0.12,0.06,0.18,0.12,0.18,0.2,0.09,0.29,0.2,0.29
ENG-Premier League,1920,Newcastle Utd,Nabil Bentaleb,ALG,MF,24,1994,12,8,751,8.3,0,0,0,0,0,0,2,0,0.1,0.1,0.2,0.3,2,19,1,0.0,0.0,0.0,0.0,0.0,0.01,0.03,0.04,0.01,0.04
ENG-Premier League,1920,Newcastle Utd,Paul Dummett,WAL,DF,27,1991,16,14,1228,13.6,0,0,0,0,0,0,2,0,0.1,0.1,0.2,0.3,7,31,16,0.0,0.0,0.0,0.0,0.0,0.0,0.02,0.02,0.0,0.02
ENG-Premier League,1920,Newcastle Utd,Sean Longstaff,ENG,MF,21,1997,23,14,1378,15.3,1,1,2,1,0,0,2,1,1.4,1.4,1.2,2.5,8,33,12,0.07,0.07,0.13,0.07,0.13,0.09,0.08,0.17,0.09,0.17
ENG-Premier League,1920,Newcastle Utd,Valentino Lazaro,AUT,"DF,MF",23,1996,13,4,480,5.3,1,0,1,1,0,0,0,1,0.4,0.4,0.2,0.6,7,7,14,0.19,0.0,0.19,0.19,0.19,0.07,0.04,0.11,0.07,0.11
ENG-Premier League,1920,Newcastle Utd,Yoshinori Mutō,JPN,"MF,FW",27,1992,8,2,212,2.4,0,0,0,0,0,0,0,0,0.1,0.1,0.0,0.1,4,5,10,0.0,0.0,0.0,0.0,0.0,0.03,0.01,0.04,0.03,0.04
ENG-Premier League,1920,Norwich City,Adam Idah,IRL,"FW,MF",18,2001,12,1,228,2.5,0,0,0,0,0,0,0,0,1.0,1.0,0.0,1.1,5,2,11,0.0,0.0,0.0,0.0,0.0,0.4,0.02,0.41,0.4,0.41
ENG-Premier League,1920,Norwich City,Akin Famewo,ENG,MF,20,1998,1,0,1,0.0,0,0,0,0,0,0,0,0,0.0,0.0,0.0,0.0,0,0,0,0.0,0.0,0.0,0.0,0.0,0.0,0.0,0.0,0.0,0.0
ENG-Premier League,1920,Norwich City,Alexander Tettey,NOR,"MF,DF",33,1986,30,28,2338,26.0,1,1,2,1,0,0,5,0,0.8,0.8,0.5,1.4,19,54,12,0.04,0.04,0.08,0.04,0.08,0.03,0.02,0.05,0.03,0.05
ENG-Premier League,1920,Norwich City,Ben Godfrey,ENG,DF,21,1998,30,30,2644,29.4,0,0,0,0,0,0,3,1,0.7,0.7,0.1,0.8,23,76,2,0.0,0.0,0.0,0.0,0.0,0.02,0.0,0.03,0.02,0.03
ENG-Premier League,1920,Norwich City,Christoph Zimmermann,GER,DF,26,1993,17,16,1430,15.9,0,1,1,0,0,0,3,0,0.4,0.4,0.1,0.5,8,33,0,0.0,0.06,0.06,0.0,0.06,0.02,0.01,0.03,0.02,0.03
ENG-Premier League,1920,Norwich City,Dennis Srbeny,GER,"MF,FW",25,1994,8,0,47,0.5,1,0,1,1,0,0,0,0,0.5,0.5,0.0,0.5,0,1,4,1.91,0.0,1.91,1.91,1.91,1.0,0.0,1.0,1.0,1.0
ENG-Premier League,1920,Norwich City,Emi Buendía,ARG,"FW,MF",22,1996,36,28,2464,27.4,1,7,8,1,0,0,6,1,2.2,2.2,6.8,9.0,68,194,106,0.04,0.26,0.29,0.04,0.29,0.08,0.25,0.33,0.08,0.33
ENG-Premier League,1920,Norwich City,Grant Hanley,SCO,DF,27,1991,15,14,1262,14.0,0,0,0,0,0,0,4,0,0.6,0.6,0.0,0.6,0,17,0,0.0,0.0,0.0,0.0,0.0,0.04,0.0,0.04,0.04,0.04
ENG-Premier League,1920,Norwich City,Ibrahim Amadou,FRA,"DF,MF",26,1993,11,8,759,8.4,0,0,0,0,0,0,1,0,0.8,0.8,0.0,0.8,4,13,1,0.0,0.0,0.0,0.0,0.0,0.09,0.0,0.1,0.09,0.1
ENG-Premier League,1920,Norwich City,Jamal Lewis,NIR,DF,21,1998,28,25,2304,25.6,1,0,1,1,0,0,4,0,0.4,0.4,1.0,1.4,100,74,106,0.04,0.0,0.04,0.04,0.04,0.01,0.04,0.05,0.01,0.05
ENG-Premier League,1920,Norwich City,Jordan Thomas,ENG,FW,18,2001,1,0,1,0.0,0,0,0,0,0,0,0,0,0.0,0.0,0.0,0.0,0,0,0,0.0,0.0,0.0,0.0,0.0,0.0,0.0,0.0,0.0,0.0
ENG-Premier League,1920,Norwich City,Josh Martin,ENG,"FW,MF",17,2001,5,0,37,0.4,0,0,0,0,0,0,0,0,0.1,0.1,0.0,0.1,1,0,3,0.0,0.0,0.0,0.0,0.0,0.19,0.0,0.19,0.19,0.19
ENG-Premier League,1920,Norwich City,Josip Drmić,SUI,FW,26,1992,21,5,647,7.2,1,0,1,1,0,0,0,1,3.1,3.1,1.1,4.1,5,4,42,0.14,0.0,0.14,0.14,0.14,0.43,0.15,0.58,0.43,0.58
ENG-Premier League,1920,Norwich City,Kenny McLean,SCO,MF,27,1992,37,32,2968,33.0,1,1,2,1,0,0,5,0,1.4,1.4,2.6,4.0,46,173,73,0.03,0.03,0.06,0.03,0.06,0.04,0.08,0.12,0.04,0.12
ENG-Premier League,1920,Norwich City,Lukas Rupp,GER,"FW,MF",28,1991,12,8,695,7.7,0,0,0,0,0,0,1,0,0.9,0.9,0.9,1.7,3,18,23,0.0,0.0,0.0,0.0,0.0,0.11,0.11,0.22,0.11,0.22
ENG-Premier League,1920,Norwich City,Marco Stiepermann,GER,MF,28,1991,24,14,1180,13.1,0,0,0,0,0,0,6,0,1.5,1.5,0.8,2.3,35,46,52,0.0,0.0,0.0,0.0,0.0,0.11,0.06,0.18,0.11,0.18
ENG-Premier League,1920,Norwich City,Mario Vrančić,BIH,MF,30,1989,20,6,636,7.1,1,0,1,1,0,0,3,0,1.5,1.5,0.9,2.4,17,62,14,0.14,0.0,0.14,0.14,0.14,0.21,0.13,0.34,0.21,0.34
ENG-Premier League,1920,Norwich City,Max Aarons,ENG,DF,19,2000,36,36,3240,36.0,0,1,1,0,0,0,7,0,0.6,0.6,3.9,4.5,92,78,151,0.0,0.03,0.03,0.0,0.03,0.02,0.11,0.12,0.02,0.12
ENG-Premier League,1920,Norwich City,Michael McGovern,NIR,GK,35,1984,2,1,159,1.8,0,0,0,0,0,0,0,0,0.0,0.0,0.0,0.0,0,0,0,0.0,0.0,0.0,0.0,0.0,0.0,0.0,0.0,0.0,0.0
ENG-Premier League,1920,Norwich City,Moritz Leitner,GER,MF,26,1992,9,7,685,7.6,0,0,0,0,0,0,1,0,0.3,0.3,0.3,0.6,17,62,23,0.0,0.0,0.0,0.0,0.0,0.04,0.04,0.08,0.04,0.08
ENG-Premier League,1920,Norwich City,Ondrej Duda,SVK,MF,24,1994,10,9,724,8.0,0,0,0,0,0,0,0,0,0.5,0.5,1.5,2.0,8,25,17,0.0,0.0,0.0,0.0,0.0,0.06,0.19,0.25,0.06,0.25
ENG-Premier League,1920,Norwich City,Onel Hernández,CUB,"FW,MF",26,1993,26,14,1384,15.4,1,2,3,1,0,0,0,0,2.2,2.2,0.9,3.2,72,22,124,0.07,0.13,0.2,0.07,0.2,0.15,0.06,0.21,0.15,0.21
ENG-Premier League,1920,Norwich City,Patrick Roberts,ENG,"FW,MF",22,1997,3,0,26,0.3,0,0,0,0,0,0,0,0,0.0,0.0,0.0,0.0,1,2,2,0.0,0.0,0.0,0.0,0.0,0.0,0.0,0.0,0.0,0.0
ENG-Premier League,1920,Norwich City,Ralf Fährmann,GER,GK,30,1988,1,1,21,0.2,0,0,0,0,0,0,0,0,0.0,0.0,0.0,0.0,0,0,0,0.0,0.0,0.0,0.0,0.0,0.0,0.0,0.0,0.0,0.0
ENG-Premier League,1920,Norwich City,Sam Byram,ENG,DF,25,1993,17,15,1293,14.4,0,0,0,0,0,0,4,0,1.4,1.4,0.4,1.7,21,41,58,0.0,0.0,0.0,0.0,0.0,0.1,0.03,0.12,0.1,0.12
ENG-Premier League,1920,Norwich City,Teemu Pukki,FIN,FW,29,1990,36,33,2886,32.1,11,3,14,9,2,2,3,0,11.2,9.7,3.8,13.5,46,22,194,0.34,0.09,0.44,0.28,0.37,0.35,0.12,0.47,0.3,0.42
ENG-Premier League,1920,Norwich City,Tim Krul,NED,GK,31,1988,36,36,3240,36.0,0,0,0,0,0,0,4,0,0.0,0.0,0.0,0.0,0,1,0,0.0,0.0,0.0,0.0,0.0,0.0,0.0,0.0,0.0,0.0
ENG-Premier League,1920,Norwich City,Timm Klose,SUI,DF,31,1988,7,7,585,6.5,0,0,0,0,0,0,0,0,0.2,0.2,0.0,0.2,4,17,1,0.0,0.0,0.0,0.0,0.0,0.03,0.0,0.03,0.03,0.03
ENG-Premier League,1920,Norwich City,Todd Cantwell,ENG,"FW,MF",21,1998,37,30,2489,27.7,6,2,8,6,0,0,6,0,5.4,5.4,1.9,7.3,75,99,138,0.22,0.07,0.29,0.22,0.29,0.19,0.07,0.26,0.19,0.26
ENG-Premier League,1920,Norwich City,Tom Trybull,GER,MF,26,1993,16,14,1130,12.6,0,0,0,0,0,0,2,0,0.5,0.5,0.1,0.6,3,33,2,0.0,0.0,0.0,0.0,0.0,0.04,0.01,0.05,0.04,0.05
ENG-Premier League,1920,Sheffield Utd,Ben Osborn,ENG,"MF,DF",24,1994,13,6,594,6.6,0,0,0,0,0,0,0,0,0.3,0.3,0.9,1.1,7,25,23,0.0,0.0,0.0,0.0,0.0,0.04,0.13,0.17,0.04,0.17
ENG-Premier League,1920,Sheffield Utd,Billy Sharp,ENG,FW,33,1986,25,10,1051,11.7,3,2,5,3,0,0,1,1,3.8,3.8,2.3,6.1,18,22,106,0.26,0.17,0.43,0.26,0.43,0.33,0.19,0.52,0.33,0.52
ENG-Premier League,1920,Sheffield Utd,Callum Robinson,IRL,"FW,MF",24,1995,16,9,676,7.5,1,1,2,1,0,0,1,0,1.6,1.6,0.4,2.0,12,10,50,0.13,0.13,0.27,0.13,0.27,0.21,0.05,0.26,0.21,0.26
ENG-Premier League,1920,Sheffield Utd,Chris Basham,ENG,DF,31,1988,38,38,3242,36.0,0,1,1,0,0,0,4,0,0.3,0.3,1.3,1.6,32,82,70,0.0,0.03,0.03,0.0,0.03,0.01,0.04,0.04,0.01,0.04
ENG-Premier League,1920,Sheffield Utd,David McGoldrick,IRL,FW,31,1987,28,22,1815,20.2,2,2,4,2,0,0,2,0,8.0,8.0,2.3,10.3,29,43,129,0.1,0.1,0.2,0.1,0.2,0.4,0.12,0.51,0.4,0.51
ENG-Premier League,1920,Sheffield Utd,Dean Henderson,ENG,GK,22,1997,36,36,3240,36.0,0,0,0,0,0,0,2,0,0.1,0.1,0.0,0.1,0,0,0,0.0,0.0,0.0,0.0,0.0,0.0,0.0,0.0,0.0,0.0
ENG-Premier League,1920,Sheffield Utd,Enda Stevens,IRL,DF,29,1990,38,38,3345,37.2,2,4,6,2,0,0,7,0,1.3,1.3,5.3,6.6,92,174,197,0.05,0.11,0.16,0.05,0.16,0.04,0.14,0.18,0.04,0.18
ENG-Premier League,1920,Sheffield Utd,George Baldock,GRE,DF,26,1993,38,38,3420,38.0,2,3,5,2,0,0,7,0,0.6,0.6,1.7,2.4,97,103,197,0.05,0.08,0.13,0.05,0.13,0.02,0.05,0.06,0.02,0.06
ENG-Premier League,1920,Sheffield Utd,Jack O'Connell,ENG,DF,25,1994,33,32,2916,32.4,0,1,1,0,0,0,4,0,1.0,1.0,3.1,4.2,12,131,59,0.0,0.03,0.03,0.0,0.03,0.03,0.1,0.13,0.03,0.13
ENG-Premier League,1920,Sheffield Utd,Jack Robinson,ENG,DF,25,1993,6,6,504,5.6,0,0,0,0,0,0,0,0,0.0,0.0,0.2,0.2,4,17,1,0.0,0.0,0.0,0.0,0.0,0.0,0.03,0.03,0.0,0.03
ENG-Premier League,1920,Sheffield Utd,Jack Rodwell,ENG,MF,28,1991,1,0,16,0.2,0,0,0,0,0,0,0,0,0.0,0.0,0.0,0.0,0,0,0,0.0,0.0,0.0,0.0,0.0,0.0,0.0,0.0,0.0,0.0
ENG-Premier League,1920,Sheffield Utd,John Egan,IRL,DF,26,1992,36,36,3187,35.4,2,0,2,2,0,0,5,1,2.7,2.7,0.4,3.2,6,66,5,0.06,0.0,0.06,0.06,0.06,0.08,0.01,0.09,0.08,0.09
ENG-Premier League,1920,Sheffield Utd,John Fleck,SCO,MF,27,1991,30,28,2516,28.0,5,2,7,5,0,0,8,0,3.1,3.1,3.4,6.5,48,139,90,0.18,0.07,0.25,0.18,0.25,0.11,0.12,0.23,0.11,0.23
ENG-Premier League,1920,Sheffield Utd,John Lundstram,ENG,MF,25,1994,34,26,2458,27.3,5,3,8,5,0,0,5,0,5.3,5.3,3.4,8.7,36,122,111,0.18,0.11,0.29,0.18,0.29,0.19,0.12,0.32,0.19,0.32
ENG-Premier League,1920,Sheffield Utd,Kieron Freeman,WAL,FW,27,1992,2,0,7,0.1,0,0,0,0,0,0,0,0,0.0,0.0,0.0,0.0,0,0,0,0.0,0.0,0.0,0.0,0.0,0.0,0.0,0.0,0.0,0.0
ENG-Premier League,1920,Sheffield Utd,Leon Clarke,ENG,"FW,MF",34,1985,2,0,35,0.4,0,0,0,0,0,0,0,0,0.5,0.5,0.0,0.5,0,0,2,0.0,0.0,0.0,0.0,0.0,1.19,0.0,1.19,1.19,1.19
ENG-Premier League,1920,Sheffield Utd,Luke Freeman,ENG,MF,27,1992,11,3,366,4.1,0,0,0,0,0,0,2,0,0.1,0.1,0.2,0.2,14,20,23,0.0,0.0,0.0,0.0,0.0,0.02,0.04,0.06,0.02,0.06
ENG-Premier League,1920,Sheffield Utd,Lys Mousset,FRA,FW,23,1996,30,11,1240,13.8,6,4,10,6,0,0,1,0,5.5,5.5,3.2,8.8,30,13,93,0.44,0.29,0.73,0.44,0.73,0.4,0.23,0.64,0.4,0.64
ENG-Premier League,1920,Sheffield Utd,Muhamed Bešić,BIH,MF,26,1992,9,2,250,2.8,0,0,0,0,0,0,2,0,0.2,0.2,0.1,0.2,3,11,0,0.0,0.0,0.0,0.0,0.0,0.06,0.03,0.08,0.06,0.08
ENG-Premier League,1920,Sheffield Utd,Oliver McBurnie,SCO,FW,23,1996,36,24,2113,23.5,6,0,6,6,0,0,4,0,7.7,7.7,1.1,8.8,26,58,109,0.26,0.0,0.26,0.26,0.26,0.33,0.05,0.38,0.33,0.38
ENG-Premier League,1920,Sheffield Utd,Oliver Norwood,NIR,MF,28,1991,38,37,3090,34.3,1,1,2,0,1,1,8,0,1.5,0.7,4.3,5.0,7,258,26,0.03,0.03,0.06,0.0,0.03,0.04,0.13,0.17,0.02,0.15
ENG-Premier League,1920,Sheffield Utd,Phil Jagielka,ENG,DF,36,1982,6,2,244,2.7,0,0,0,0,0,0,0,0,0.0,0.0,0.0,0.0,0,4,0,0.0,0.0,0.0,0.0,0.0,0.0,0.0,0.0,0.0,0.0
ENG-Premier League,1920,Sheffield Utd,Ravel Morrison,JAM,MF,26,1993,1,0,13,0.1,0,0,0,0,0,0,0,0,0.0,0.0,0.0,0.0,1,1,0,0.0,0.0,0.0,0.0,0.0,0.34,0.0,0.34,0.34,0.34
ENG-Premier League,1920,Sheffield Utd,Richairo Živković,CUW,FW,22,1996,5,0,112,1.2,0,0,0,0,0,0,0,0,0.1,0.1,0.1,0.2,1,1,8,0.0,0.0,0.0,0.0,0.0,0.06,0.08,0.14,0.06,0.14
ENG-Premier League,1920,Sheffield Utd,Sander Berge,NOR,MF,21,1998,14,12,943,10.5,1,1,2,1,0,0,0,0,0.6,0.6,0.6,1.3,18,52,35,0.1,0.1,0.19,0.1,0.19,0.06,0.06,0.12,0.06,0.12
ENG-Premier League,1920,Sheffield Utd,Simon Moore,ENG,GK,29,1990,2,2,180,2.0,0,0,0,0,0,0,0,0,0.0,0.0,0.0,0.0,0,0,0,0.0,0.0,0.0,0.0,0.0,0.0,0.0,0.0,0.0,0.0
ENG-Premier League,1920,Southampton,Alex McCarthy,ENG,GK,29,1989,28,28,2520,28.0,0,0,0,0,0,0,0,0,0.0,0.0,0.0,0.0,0,1,0,0.0,0.0,0.0,0.0,0.0,0.0,0.0,0.0,0.0,0.0
ENG-Premier League,1920,Southampton,Angus Gunn,SCO,GK,23,1996,10,10,900,10.0,0,0,0,0,0,0,0,0,0.0,0.0,0.0,0.0,0,0,0,0.0,0.0,0.0,0.0,0.0,0.0,0.0,0.0,0.0,0.0
ENG-Premier League,1920,Southampton,Che Adams,SCO,FW,23,1996,30,12,1111,12.3,4,2,6,4,0,0,0,0,5.3,5.3,1.7,7.0,20,16,87,0.32,0.16,0.49,0.32,0.49,0.43,0.14,0.57,0.43,0.57
ENG-Premier League,1920,Southampton,Cédric Soares,POR,DF,27,1991,16,16,1306,14.5,0,1,1,0,0,0,1,0,0.6,0.6,0.7,1.3,29,47,46,0.0,0.07,0.07,0.0,0.07,0.04,0.05,0.09,0.04,0.09
ENG-Premier League,1920,Southampton,Danny Ings,ENG,FW,27,1992,38,32,2804,31.2,22,2,24,21,1,2,3,0,16.2,14.7,2.7,17.3,50,75,194,0.71,0.06,0.77,0.67,0.74,0.52,0.09,0.61,0.47,0.56
ENG-Premier League,1920,Southampton,Jack Stephens,ENG,DF,25,1994,28,27,2451,27.2,1,3,4,1,0,0,4,1,1.0,1.0,1.4,2.4,17,81,11,0.04,0.11,0.15,0.04,0.15,0.04,0.05,0.09,0.04,0.09
ENG-Premier League,1920,Southampton,Jake Vokins,ENG,DF,19,2000,1,1,90,1.0,0,0,0,0,0,0,0,0,0.0,0.0,0.1,0.1,4,3,11,0.0,0.0,0.0,0.0,0.0,0.02,0.08,0.1,0.02,0.1
ENG-Premier League,1920,Southampton,James Ward-Prowse,ENG,"MF,DF",24,1994,38,38,3420,38.0,5,3,8,4,1,3,9,0,7.3,4.8,6.8,11.6,17,170,82,0.13,0.08,0.21,0.11,0.18,0.19,0.18,0.37,0.13,0.31
ENG-Premier League,1920,Southampton,Jan Bednarek,POL,DF,23,1996,34,34,3057,34.0,1,1,2,1,0,0,4,0,1.1,1.1,1.1,2.2,4,90,0,0.03,0.03,0.06,0.03,0.06,0.03,0.03,0.07,0.03,0.07
ENG-Premier League,1920,Southampton,Jannik Vestergaard,DEN,DF,26,1992,19,17,1497,16.6,1,0,1,1,0,0,3,0,1.4,1.4,0.5,1.8,12,55,1,0.06,0.0,0.06,0.06,0.06,0.08,0.03,0.11,0.08,0.11
ENG-Premier League,1920,Southampton,Kevin Danso,AUT,DF,20,1998,6,3,277,3.1,0,1,1,0,0,0,2,1,0.1,0.1,0.2,0.3,6,12,4,0.0,0.32,0.32,0.0,0.32,0.02,0.08,0.1,0.02,0.1
ENG-Premier League,1920,Southampton,Kyle Walker-Peters,ENG,DF,22,1997,10,7,703,7.8,0,0,0,0,0,0,1,0,0.1,0.1,0.6,0.7,26,18,25,0.0,0.0,0.0,0.0,0.0,0.01,0.08,0.1,0.01,0.1
ENG-Premier League,1920,Southampton,Maya Yoshida,JPN,DF,30,1988,8,6,560,6.2,0,0,0,0,0,0,1,0,0.7,0.7,0.0,0.7,1,12,3,0.0,0.0,0.0,0.0,0.0,0.11,0.0,0.11,0.11,0.11
ENG-Premier League,1920,Southampton,Michael Obafemi,IRL,FW,19,2000,21,8,665,7.4,3,2,5,3,0,0,1,0,1.8,1.8,1.1,2.9,8,7,52,0.41,0.27,0.68,0.41,0.68,0.24,0.15,0.39,0.24,0.39
ENG-Premier League,1920,Southampton,Moussa Djenepo,MLI,"MF,DF",21,1998,18,10,928,10.3,2,2,4,2,0,0,4,1,2.4,2.4,1.9,4.3,39,27,72,0.19,0.19,0.39,0.19,0.39,0.23,0.19,0.41,0.23,0.41
ENG-Premier League,1920,Southampton,Nathan Redmond,ENG,"MF,FW",25,1994,32,32,2762,30.7,4,4,8,4,0,0,2,0,5.1,5.1,3.3,8.4,126,104,200,0.13,0.13,0.26,0.13,0.26,0.17,0.11,0.27,0.17,0.27
ENG-Premier League,1920,Southampton,Nathan Tella,NGA,FW,20,1999,1,0,3,0.0,0,0,0,0,0,0,0,0,0.0,0.0,0.0,0.0,1,0,1,0.0,0.0,0.0,0.0,0.0,1.27,0.0,1.27,1.27,1.27
ENG-Premier League,1920,Southampton,Oriol Romeu,ESP,MF,27,1991,30,20,1860,20.7,0,0,0,0,0,0,5,0,0.2,0.2,1.6,1.9,17,110,13,0.0,0.0,0.0,0.0,0.0,0.01,0.08,0.09,0.01,0.09
ENG-Premier League,1920,Southampton,Pierre Højbjerg,DEN,MF,23,1995,33,30,2752,30.6,0,1,1,0,0,0,5,0,3.2,3.2,1.8,5.0,33,219,55,0.0,0.03,0.03,0.0,0.03,0.11,0.06,0.16,0.11,0.16
ENG-Premier League,1920,Southampton,Ryan Bertrand,ENG,DF,29,1989,32,31,2742,30.5,1,1,2,1,0,0,3,1,1.7,1.7,3.3,5.1,78,130,134,0.03,0.03,0.07,0.03,0.07,0.06,0.11,0.17,0.06,0.17
ENG-Premier League,1920,Southampton,Shane Long,IRL,FW,32,1987,26,15,1395,15.5,2,2,4,2,0,0,0,0,4.8,4.8,2.4,7.2,23,20,105,0.13,0.13,0.26,0.13,0.26,0.31,0.15,0.46,0.31,0.46
ENG-Premier League,1920,Southampton,Sofiane Boufal,MAR,"MF,FW",25,1993,20,8,764,8.5,0,2,2,0,0,0,2,0,1.0,1.0,2.9,3.9,48,41,67,0.0,0.24,0.24,0.0,0.24,0.12,0.34,0.46,0.12,0.46
ENG-Premier League,1920,Southampton,Stuart Armstrong,SCO,MF,27,1992,30,19,1715,19.1,5,3,8,5,0,0,4,0,2.8,2.8,2.0,4.8,45,71,101,0.26,0.16,0.42,0.26,0.42,0.15,0.1,0.25,0.15,0.25
ENG-Premier League,1920,Southampton,William Smallbone,IRL,MF,19,2000,9,4,393,4.4,0,2,2,0,0,0,0,0,0.3,0.3,0.2,0.4,4,12,13,0.0,0.46,0.46,0.0,0.46,0.06,0.04,0.1,0.06,0.1
ENG-Premier League,1920,Southampton,Yan Valery,TUN,DF,20,1999,11,10,779,8.7,0,0,0,0,0,0,1,0,0.3,0.3,1.0,1.3,20,14,31,0.0,0.0,0.0,0.0,0.0,0.03,0.12,0.15,0.03,0.15
ENG-Premier League,1920,Tottenham,Ben Davies,WAL,DF,26,1993,18,16,1431,15.9,0,0,0,0,0,0,6,0,0.2,0.2,0.9,1.1,32,53,54,0.0,0.0,0.0,0.0,0.0,0.01,0.05,0.07,0.01,0.07
ENG-Premier League,1920,Tottenham,Christian Eriksen,DEN,"MF,FW",27,1992,20,10,1097,12.2,2,2,4,2,0,0,5,0,1.9,1.9,1.9,3.8,28,74,32,0.16,0.16,0.33,0.16,0.33,0.15,0.16,0.31,0.15,0.31
ENG-Premier League,1920,Tottenham,Danny Rose,ENG,DF,29,1990,12,10,893,9.9,0,0,0,0,0,0,5,0,0.1,0.1,0.6,0.7,23,65,30,0.0,0.0,0.0,0.0,0.0,0.01,0.06,0.07,0.01,0.07
ENG-Premier League,1920,Tottenham,Davinson Sánchez,COL,DF,23,1996,29,27,2431,27.0,0,0,0,0,0,0,6,0,0.6,0.6,0.0,0.7,10,53,9,0.0,0.0,0.0,0.0,0.0,0.02,0.0,0.03,0.02,0.03
ENG-Premier League,1920,Tottenham,Dele Alli,ENG,"MF,FW",23,1996,25,21,1847,20.5,8,4,12,7,1,1,2,0,8.1,7.3,3.5,10.8,56,69,152,0.39,0.19,0.58,0.34,0.54,0.4,0.17,0.56,0.36,0.53
ENG-Premier League,1920,Tottenham,Eric Dier,ENG,"DF,MF",25,1994,19,15,1344,14.9,0,2,2,0,0,0,5,0,0.9,0.9,0.4,1.3,4,37,4,0.0,0.13,0.13,0.0,0.13,0.06,0.03,0.08,0.06,0.08
ENG-Premier League,1920,Tottenham,Gedson Fernandes,POR,"MF,DF",20,1999,7,0,68,0.8,0,0,0,0,0,0,0,0,0.0,0.0,0.1,0.1,9,4,15,0.0,0.0,0.0,0.0,0.0,0.03,0.13,0.16,0.03,0.16
ENG-Premier League,1920,Tottenham,Georges-Kévin N'Koudou,CMR,FW,24,1995,1,0,3,0.0,0,0,0,0,0,0,0,0,0.0,0.0,0.0,0.0,1,0,1,0.0,0.0,0.0,0.0,0.0,1.15,0.0,1.15,1.15,1.15
ENG-Premier League,1920,Tottenham,Giovani Lo Celso,ARG,"MF,FW",23,1996,28,15,1492,16.6,0,2,2,0,0,0,6,0,1.3,1.3,1.6,2.9,62,112,50,0.0,0.12,0.12,0.0,0.12,0.08,0.1,0.18,0.08,0.18
ENG-Premier League,1920,Tottenham,Harry Kane,ENG,FW,26,1993,29,29,2587,28.7,18,2,20,16,2,2,4,0,12.5,10.9,3.3,14.2,46,76,174,0.63,0.07,0.7,0.56,0.63,0.43,0.11,0.55,0.38,0.49
ENG-Premier League,1920,Tottenham,Harry Winks,ENG,MF,23,1996,31,26,2221,24.7,0,0,0,0,0,0,9,0,0.5,0.5,1.0,1.5,44,190,18,0.0,0.0,0.0,0.0,0.0,0.02,0.04,0.06,0.02,0.06
ENG-Premier League,1920,Tottenham,Hugo Lloris,FRA,GK,32,1986,21,21,1807,20.1,0,0,0,0,0,0,0,0,0.0,0.0,0.0,0.0,0,0,0,0.0,0.0,0.0,0.0,0.0,0.0,0.0,0.0,0.0,0.0
ENG-Premier League,1920,Tottenham,Jan Vertonghen,BEL,DF,32,1987,23,19,1645,18.3,1,1,2,1,0,0,2,0,0.4,0.4,0.9,1.4,13,58,13,0.05,0.05,0.11,0.05,0.11,0.02,0.05,0.07,0.02,0.07
ENG-Premier League,1920,Tottenham,Japhet Tanganga,ENG,DF,20,1999,6,6,525,5.8,0,0,0,0,0,0,1,0,0.1,0.1,0.1,0.1,3,14,7,0.0,0.0,0.0,0.0,0.0,0.01,0.01,0.02,0.01,0.02
ENG-Premier League,1920,Tottenham,Juan Foyth,ARG,DF,21,1998,4,1,68,0.8,0,0,0,0,0,0,1,0,0.0,0.0,0.0,0.0,0,4,0,0.0,0.0,0.0,0.0,0.0,0.0,0.04,0.04,0.0,0.04
ENG-Premier League,1920,Tottenham,Kyle Walker-Peters,ENG,DF,22,1997,3,3,241,2.7,0,0,0,0,0,0,0,0,0.0,0.0,0.1,0.1,9,15,20,0.0,0.0,0.0,0.0,0.0,0.01,0.03,0.04,0.01,0.04
ENG-Premier League,1920,Tottenham,Lucas Moura,BRA,"FW,MF",26,1992,35,25,2242,24.9,4,4,8,4,0,0,3,0,5.6,5.6,3.2,8.8,79,69,140,0.16,0.16,0.32,0.16,0.32,0.23,0.13,0.36,0.23,0.36
ENG-Premier League,1920,Tottenham,Moussa Sissoko,FRA,MF,29,1989,29,28,2452,27.2,2,1,3,2,0,0,8,0,2.2,2.2,1.1,3.3,72,96,58,0.07,0.04,0.11,0.07,0.11,0.08,0.04,0.12,0.08,0.12
ENG-Premier League,1920,Tottenham,Oliver Skipp,ENG,MF,18,2000,7,1,77,0.9,0,0,0,0,0,0,0,0,0.0,0.0,0.0,0.0,0,5,0,0.0,0.0,0.0,0.0,0.0,0.0,0.0,0.0,0.0,0.0
ENG-Premier League,1920,Tottenham,Paulo Gazzaniga,ARG,GK,27,1992,18,17,1613,17.9,0,0,0,0,0,0,1,0,0.0,0.0,0.3,0.3,0,0,0,0.0,0.0,0.0,0.0,0.0,0.0,0.02,0.02,0.0,0.02
ENG-Premier League,1920,Tottenham,Ryan Sessegnon,ENG,"DF,FW",19,2000,6,4,342,3.8,0,0,0,0,0,0,0,0,0.1,0.1,0.1,0.1,13,17,24,0.0,0.0,0.0,0.0,0.0,0.02,0.02,0.03,0.02,0.03
ENG-Premier League,1920,Tottenham,Serge Aurier,CIV,DF,26,1992,33,31,2700,30.0,1,5,6,1,0,0,4,1,0.5,0.5,3.4,3.9,66,93,205,0.03,0.17,0.2,0.03,0.2,0.02,0.11,0.13,0.02,0.13
ENG-Premier League,1920,Tottenham,Son Heung-min,KOR,FW,27,1992,30,28,2476,27.5,11,10,21,11,0,1,0,2,8.9,8.0,6.4,14.4,90,71,215,0.4,0.36,0.76,0.4,0.76,0.32,0.23,0.56,0.29,0.53
ENG-Premier League,1920,Tottenham,Steven Bergwijn,NED,"FW,MF",21,1997,14,8,704,7.8,3,1,4,3,0,0,2,0,1.0,1.0,0.9,1.9,24,12,50,0.38,0.13,0.51,0.38,0.51,0.13,0.11,0.25,0.13,0.25
ENG-Premier League,1920,Tottenham,Tanguy Ndombele,FRA,MF,22,1996,21,12,1009,11.2,2,2,4,2,0,0,3,0,0.4,0.4,0.7,1.1,22,77,33,0.18,0.18,0.36,0.18,0.36,0.03,0.07,0.1,0.03,0.1
ENG-Premier League,1920,Tottenham,Toby Alderweireld,BEL,DF,30,1989,33,33,2957,32.9,2,2,4,2,0,0,7,0,0.7,0.7,1.3,2.1,11,96,10,0.06,0.06,0.12,0.06,0.12,0.02,0.04,0.06,0.02,0.06
ENG-Premier League,1920,Tottenham,Troy Parrott,IRL,FW,17,2002,2,0,7,0.1,0,0,0,0,0,0,0,0,0.0,0.0,0.0,0.0,0,0,0,0.0,0.0,0.0,0.0,0.0,0.0,0.0,0.0,0.0,0.0
ENG-Premier League,1920,Tottenham,Victor Wanyama,KEN,MF,28,1991,2,0,25,0.3,0,0,0,0,0,0,1,0,0.0,0.0,0.0,0.0,0,5,0,0.0,0.0,0.0,0.0,0.0,0.0,0.0,0.0,0.0,0.0
ENG-Premier League,1920,Tottenham,Érik Lamela,ARG,"MF,FW",27,1992,25,12,1215,13.5,2,1,3,2,0,0,3,0,2.9,2.9,1.1,4.0,51,45,84,0.15,0.07,0.22,0.15,0.22,0.22,0.08,0.3,0.22,0.3
ENG-Premier League,1920,Watford,Abdoulaye Doucouré,MLI,MF,26,1993,37,36,3156,35.1,4,2,6,4,0,0,9,0,5.2,5.2,3.9,9.0,69,161,96,0.11,0.06,0.17,0.11,0.17,0.15,0.11,0.26,0.15,0.26
ENG-Premier League,1920,Watford,Adam Masina,MAR,DF,25,1994,26,20,1821,20.2,1,0,1,1,0,0,3,0,0.9,0.9,0.6,1.5,18,73,32,0.05,0.0,0.05,0.05,0.05,0.05,0.03,0.07,0.05,0.07
ENG-Premier League,1920,Watford,Adrian Mariappa,JAM,DF,32,1986,20,15,1513,16.8,0,0,0,0,0,0,6,1,0.2,0.2,0.2,0.5,2,38,9,0.0,0.0,0.0,0.0,0.0,0.01,0.01,0.03,0.01,0.03
ENG-Premier League,1920,Watford,Andre Gray,JAM,FW,28,1991,23,7,755,8.4,2,0,2,2,0,0,1,0,2.4,2.4,1.8,4.2,6,15,64,0.24,0.0,0.24,0.24,0.24,0.29,0.21,0.5,0.29,0.5
ENG-Premier League,1920,Watford,Ben Foster,ENG,GK,36,1983,38,38,3420,38.0,0,0,0,0,0,0,1,0,0.1,0.1,0.0,0.1,0,0,0,0.0,0.0,0.0,0.0,0.0,0.0,0.0,0.0,0.0,0.0
ENG-Premier League,1920,Watford,Christian Kabasele,BEL,DF,28,1991,27,26,2250,25.0,0,2,2,0,0,0,3,2,0.9,0.9,0.9,1.8,1,36,0,0.0,0.08,0.08,0.0,0.08,0.04,0.03,0.07,0.04,0.07
ENG-Premier League,1920,Watford,Craig Cathcart,NIR,DF,30,1989,29,28,2488,27.6,0,0,0,0,0,0,7,0,0.2,0.2,0.1,0.3,2,61,3,0.0,0.0,0.0,0.0,0.0,0.01,0.0,0.01,0.01,0.01
ENG-Premier League,1920,Watford,Craig Dawson,ENG,DF,29,1990,29,26,2361,26.2,2,0,2,2,0,0,6,0,3.0,3.0,0.5,3.5,4,63,7,0.08,0.0,0.08,0.08,0.08,0.11,0.02,0.13,0.11,0.13
ENG-Premier League,1920,Watford,Danny Welbeck,ENG,"FW,MF",28,1990,18,8,822,9.1,2,0,2,2,0,0,0,0,3.9,3.9,0.2,4.0,13,10,66,0.22,0.0,0.22,0.22,0.22,0.43,0.02,0.44,0.43,0.44
ENG-Premier League,1920,Watford,Daryl Janmaat,NED,DF,30,1989,8,7,607,6.7,0,1,1,0,0,0,1,0,0.3,0.3,0.5,0.8,15,29,30,0.0,0.15,0.15,0.0,0.15,0.04,0.07,0.11,0.04,0.11
ENG-Premier League,1920,Watford,Dimitri Foulquier,FRA,"DF,MF",26,1993,3,1,59,0.7,0,0,0,0,0,0,0,0,0.0,0.0,0.0,0.0,3,3,1,0.0,0.0,0.0,0.0,0.0,0.0,0.0,0.0,0.0,0.0
ENG-Premier League,1920,Watford,Domingos Quina,POR,"MF,FW",19,1999,4,0,22,0.2,0,0,0,0,0,0,0,0,0.0,0.0,0.0,0.0,1,1,0,0.0,0.0,0.0,0.0,0.0,0.11,0.0,0.11,0.11,0.11
ENG-Premier League,1920,Watford,Gerard Deulofeu,ESP,FW,25,1994,28,25,2098,23.3,4,5,9,3,1,1,3,0,6.3,5.5,4.1,9.6,123,63,170,0.17,0.21,0.39,0.13,0.34,0.27,0.17,0.45,0.24,0.41
ENG-Premier League,1920,Watford,Ignacio Pussetto,ARG,"FW,MF",23,1995,7,0,74,0.8,0,0,0,0,0,0,1,0,0.0,0.0,0.0,0.0,1,3,0,0.0,0.0,0.0,0.0,0.0,0.0,0.0,0.0,0.0,0.0
ENG-Premier League,1920,Watford,Isaac Success,NGA,"FW,MF",23,1996,5,0,70,0.8,0,0,0,0,0,0,1,0,0.1,0.1,0.1,0.1,4,2,9,0.0,0.0,0.0,0.0,0.0,0.07,0.07,0.14,0.07,0.14
ENG-Premier League,1920,Watford,Ismaila Sarr,SEN,"FW,MF",21,1998,28,22,2028,22.5,5,4,9,5,0,0,1,0,6.1,6.1,4.5,10.6,107,41,200,0.22,0.18,0.4,0.22,0.4,0.27,0.2,0.47,0.27,0.47
ENG-Premier League,1920,Watford,José Holebas,GRE,DF,35,1984,14,11,1025,11.4,0,0,0,0,0,0,5,0,0.3,0.3,0.7,1.1,23,51,27,0.0,0.0,0.0,0.0,0.0,0.03,0.06,0.09,0.03,0.09
ENG-Premier League,1920,Watford,João Pedro,BRA,"FW,MF",17,2001,3,0,25,0.3,0,0,0,0,0,0,0,0,0.0,0.0,0.0,0.0,2,1,3,0.0,0.0,0.0,0.0,0.0,0.18,0.0,0.18,0.18,0.18
ENG-Premier League,1920,Watford,Kiko Femenía,ESP,DF,28,1991,28,26,2237,24.9,0,0,0,0,0,0,5,0,0.1,0.1,1.4,1.5,49,85,81,0.0,0.0,0.0,0.0,0.0,0.01,0.06,0.06,0.01,0.06
ENG-Premier League,1920,Watford,Nathaniel Chalobah,ENG,MF,24,1994,22,10,930,10.3,0,1,1,0,0,0,1,0,0.5,0.5,1.3,1.7,4,35,22,0.0,0.1,0.1,0.0,0.1,0.04,0.12,0.17,0.04,0.17
ENG-Premier League,1920,Watford,Roberto Pereyra,ARG,"FW,MF",28,1991,28,17,1648,18.3,3,0,3,2,1,1,4,0,3.1,2.3,1.5,3.8,50,48,102,0.16,0.0,0.16,0.11,0.11,0.17,0.08,0.25,0.13,0.21
ENG-Premier League,1920,Watford,Sebastian Prödl,AUT,DF,32,1987,1,1,56,0.6,0,0,0,0,0,0,0,0,0.1,0.1,0.0,0.1,0,0,0,0.0,0.0,0.0,0.0,0.0,0.16,0.0,0.16,0.16,0.16
ENG-Premier League,1920,Watford,Tom Cleverley,ENG,MF,29,1989,18,11,971,10.8,1,0,1,1,0,0,2,0,2.1,2.1,0.7,2.8,13,49,43,0.09,0.0,0.09,0.09,0.09,0.19,0.07,0.26,0.19,0.26
ENG-Premier League,1920,Watford,Troy Deeney,ENG,FW,31,1988,27,26,2225,24.7,10,2,12,5,5,6,3,0,10.5,5.8,3.5,9.3,12,81,104,0.4,0.08,0.49,0.2,0.28,0.42,0.14,0.57,0.23,0.38
ENG-Premier League,1920,Watford,Will Hughes,ENG,MF,24,1995,30,27,2252,25.0,1,1,2,1,0,0,9,0,2.3,2.3,2.1,4.4,40,87,60,0.04,0.04,0.08,0.04,0.08,0.09,0.08,0.17,0.09,0.17
ENG-Premier League,1920,Watford,Étienne Capoue,FRA,MF,31,1988,30,30,2627,29.2,0,3,3,0,0,0,8,0,0.8,0.8,3.3,4.1,16,132,23,0.0,0.1,0.1,0.0,0.1,0.03,0.11,0.14,0.03,0.14
ENG-Premier League,1920,West Ham,Aaron Cresswell,ENG,DF,29,1989,31,31,2727,30.3,3,0,3,3,0,0,7,0,1.4,1.4,3.2,4.5,43,166,97,0.1,0.0,0.1,0.1,0.1,0.05,0.11,0.15,0.05,0.15
ENG-Premier League,1920,West Ham,Albian Ajeti,SUI,FW,22,1997,9,0,139,1.5,0,0,0,0,0,0,0,0,0.2,0.2,0.1,0.2,0,0,10,0.0,0.0,0.0,0.0,0.0,0.11,0.05,0.16,0.11,0.16
ENG-Premier League,1920,West Ham,Andriy Yarmolenko,UKR,"MF,FW",29,1989,23,10,991,11.0,5,1,6,5,0,0,2,0,2.4,2.4,3.5,5.9,40,41,64,0.45,0.09,0.54,0.45,0.54,0.22,0.32,0.54,0.22,0.54
ENG-Premier League,1920,West Ham,Angelo Ogbonna,ITA,DF,31,1988,31,31,2786,31.0,2,0,2,2,0,0,4,0,1.8,1.8,0.1,1.9,5,50,5,0.06,0.0,0.06,0.06,0.06,0.06,0.0,0.06,0.06,0.06
ENG-Premier League,1920,West Ham,Arthur Masuaku,COD,DF,25,1993,17,10,937,10.4,0,1,1,0,0,0,6,1,0.1,0.1,1.2,1.3,41,40,37,0.0,0.1,0.1,0.0,0.1,0.01,0.11,0.13,0.01,0.13
ENG-Premier League,1920,West Ham,Ben Johnson,ENG,DF,19,2000,3,3,270,3.0,0,0,0,0,0,0,0,0,0.0,0.0,0.1,0.1,7,19,8,0.0,0.0,0.0,0.0,0.0,0.0,0.02,0.02,0.0,0.02
ENG-Premier League,1920,West Ham,Carlos Sánchez,COL,MF,33,1986,6,1,117,1.3,0,0,0,0,0,0,0,0,0.0,0.0,0.0,0.0,0,5,0,0.0,0.0,0.0,0.0,0.0,0.0,0.0,0.0,0.0,0.0
ENG-Premier League,1920,West Ham,Darren Randolph,IRL,GK,32,1987,2,2,180,2.0,0,0,0,0,0,0,0,0,0.0,0.0,0.0,0.0,0,0,0,0.0,0.0,0.0,0.0,0.0,0.0,0.0,0.0,0.0,0.0
ENG-Premier League,1920,West Ham,David Martin,ENG,GK,33,1986,5,4,436,4.8,0,0,0,0,0,0,1,0,0.0,0.0,0.0,0.0,0,0,0,0.0,0.0,0.0,0.0,0.0,0.0,0.0,0.0,0.0,0.0
ENG-Premier League,1920,West Ham,Declan Rice,ENG,MF,20,1999,38,38,3420,38.0,1,3,4,1,0,0,6,0,1.3,1.3,1.4,2.7,52,180,36,0.03,0.08,0.11,0.03,0.11,0.03,0.04,0.07,0.03,0.07
ENG-Premier League,1920,West Ham,Fabián Balbuena,PAR,DF,27,1991,17,13,1177,13.1,1,0,1,1,0,0,2,0,1.5,1.5,0.5,2.0,8,35,2,0.08,0.0,0.08,0.08,0.08,0.12,0.03,0.15,0.12,0.15
ENG-Premier League,1920,West Ham,Felipe Anderson,BRA,"MF,FW",26,1993,25,20,1497,16.6,1,4,5,1,0,0,1,0,2.5,2.5,3.1,5.6,106,100,132,0.06,0.24,0.3,0.06,0.3,0.15,0.18,0.34,0.15,0.34
ENG-Premier League,1920,West Ham,Issa Diop,FRA,DF,22,1997,32,31,2766,30.7,3,1,4,3,0,0,8,0,1.5,1.5,1.2,2.6,7,44,2,0.1,0.03,0.13,0.1,0.13,0.05,0.04,0.09,0.05,0.09
ENG-Premier League,1920,West Ham,Jack Wilshere,ENG,MF,27,1992,8,2,215,2.4,0,0,0,0,0,0,0,0,0.0,0.0,0.0,0.0,6,8,7,0.0,0.0,0.0,0.0,0.0,0.0,0.0,0.0,0.0,0.0
ENG-Premier League,1920,West Ham,Jarrod Bowen,ENG,"FW,MF",22,1996,13,11,917,10.2,1,4,5,1,0,0,0,0,2.3,2.3,2.7,5.0,33,19,80,0.1,0.39,0.49,0.1,0.49,0.22,0.27,0.49,0.22,0.49
ENG-Premier League,1920,West Ham,Javier Hernández,MEX,FW,31,1988,2,1,107,1.2,1,0,1,1,0,0,0,0,1.0,1.0,0.0,1.0,0,3,4,0.84,0.0,0.84,0.84,0.84,0.82,0.0,0.82,0.82,0.82
ENG-Premier League,1920,West Ham,Jeremy Ngakia,ENG,DF,18,2000,5,5,440,4.9,0,0,0,0,0,0,0,0,0.0,0.0,0.0,0.0,10,4,9,0.0,0.0,0.0,0.0,0.0,0.0,0.0,0.0,0.0,0.0
ENG-Premier League,1920,West Ham,Manuel Lanzini,ARG,"MF,FW",26,1993,24,14,1379,15.3,0,2,2,0,0,0,1,0,2.2,2.2,2.2,4.4,46,77,59,0.0,0.13,0.13,0.0,0.13,0.14,0.15,0.29,0.14,0.29
ENG-Premier League,1920,West Ham,Mark Noble,ENG,MF,32,1987,33,32,2674,29.7,4,3,7,1,3,3,5,0,2.9,0.6,3.1,3.6,26,198,53,0.13,0.1,0.24,0.03,0.13,0.1,0.1,0.2,0.02,0.12
ENG-Premier League,1920,West Ham,Michail Antonio,JAM,FW,29,1990,24,19,1768,19.6,10,3,13,9,1,1,3,0,12.9,12.1,3.7,15.9,53,39,178,0.51,0.15,0.66,0.46,0.61,0.66,0.19,0.85,0.62,0.81
ENG-Premier League,1920,West Ham,Nathan Holland,ENG,MF,21,1998,2,0,33,0.4,0,0,0,0,0,0,0,0,0.0,0.0,0.0,0.0,1,1,6,0.0,0.0,0.0,0.0,0.0,0.06,0.0,0.06,0.06,0.06
ENG-Premier League,1920,West Ham,Pablo Fornals,ESP,"MF,FW",23,1996,36,24,2172,24.1,2,5,7,2,0,0,3,0,2.3,2.3,2.5,4.8,45,91,156,0.08,0.21,0.29,0.08,0.29,0.1,0.1,0.2,0.1,0.2
ENG-Premier League,1920,West Ham,Pablo Zabaleta,ARG,DF,34,1985,10,6,592,6.6,0,0,0,0,0,0,2,0,0.0,0.0,0.4,0.4,10,29,41,0.0,0.0,0.0,0.0,0.0,0.0,0.05,0.05,0.0,0.05
ENG-Premier League,1920,West Ham,Robert Snodgrass,SCO,"MF,FW",31,1987,24,17,1509,16.8,5,5,10,5,0,0,4,0,2.5,2.5,3.2,5.7,44,57,117,0.3,0.3,0.6,0.3,0.6,0.15,0.19,0.34,0.15,0.34
ENG-Premier League,1920,West Ham,Roberto,ESP,GK,33,1986,8,7,687,7.6,0,0,0,0,0,0,0,0,0.0,0.0,0.0,0.0,0,0,0,0.0,0.0,0.0,0.0,0.0,0.0,0.0,0.0,0.0,0.0
ENG-Premier League,1920,West Ham,Ryan Fredericks,ENG,DF,26,1992,27,25,2237,24.9,0,3,3,0,0,0,7,0,0.1,0.1,2.6,2.7,63,72,110,0.0,0.12,0.12,0.0,0.12,0.01,0.1,0.11,0.01,0.11
ENG-Premier League,1920,West Ham,Sébastien Haller,CIV,FW,25,1994,32,24,2266,25.2,7,1,8,7,0,0,1,0,8.0,8.0,2.5,10.5,17,59,140,0.28,0.04,0.32,0.28,0.32,0.32,0.1,0.42,0.32,0.42
ENG-Premier League,1920,West Ham,Tomáš Souček,CZE,MF,24,1995,13,12,1040,11.6,3,0,3,3,0,0,0,0,2.8,2.8,0.3,3.1,3,40,17,0.26,0.0,0.26,0.26,0.26,0.24,0.03,0.27,0.24,0.27
ENG-Premier League,1920,West Ham,Łukasz Fabiański,POL,GK,34,1985,25,25,2117,23.5,0,0,0,0,0,0,1,0,0.0,0.0,0.0,0.0,0,0,0,0.0,0.0,0.0,0.0,0.0,0.0,0.0,0.0,0.0,0.0
ENG-Premier League,1920,Wolves,Adama Traoré,ESP,"FW,DF",23,1996,37,27,2605,28.9,4,9,13,4,0,0,1,0,3.8,3.8,6.6,10.4,252,88,246,0.14,0.31,0.45,0.14,0.45,0.13,0.23,0.36,0.13,0.36
ENG-Premier League,1920,Wolves,Bruno Jordão,POR,FW,20,1998,1,0,7,0.1,0,0,0,0,0,0,0,0,0.0,0.0,0.1,0.1,0,1,0,0.0,0.0,0.0,0.0,0.0,0.0,0.82,0.82,0.0,0.82
ENG-Premier League,1920,Wolves,Conor Coady,ENG,DF,26,1993,38,38,3420,38.0,0,0,0,0,0,0,5,0,0.0,0.0,0.5,0.5,3,64,0,0.0,0.0,0.0,0.0,0.0,0.0,0.01,0.01,0.0,0.01
ENG-Premier League,1920,Wolves,Daniel Podence,POR,"FW,MF",23,1995,9,3,289,3.2,1,0,1,1,0,0,0,0,1.2,1.2,0.7,1.9,18,9,24,0.31,0.0,0.31,0.31,0.31,0.39,0.21,0.6,0.39,0.6
ENG-Premier League,1920,Wolves,Diogo Jota,POR,FW,22,1996,34,27,2284,25.4,7,1,8,7,0,0,4,0,11.5,11.5,2.7,14.2,131,68,200,0.28,0.04,0.32,0.28,0.32,0.45,0.11,0.56,0.45,0.56
ENG-Premier League,1920,Wolves,Jesús Vallejo,ESP,DF,22,1997,2,1,163,1.8,0,0,0,0,0,0,1,0,0.0,0.0,0.0,0.0,0,6,0,0.0,0.0,0.0,0.0,0.0,0.0,0.0,0.0,0.0,0.0
ENG-Premier League,1920,Wolves,Jonny Castro,ESP,"MF,DF",25,1994,35,33,2887,32.1,2,2,4,2,0,0,4,0,1.6,1.6,1.3,2.8,100,97,180,0.06,0.06,0.12,0.06,0.12,0.05,0.04,0.09,0.05,0.09
ENG-Premier League,1920,Wolves,João Moutinho,POR,MF,32,1986,38,34,3108,34.5,1,6,7,1,0,0,7,0,0.9,0.9,7.9,8.8,38,216,51,0.03,0.17,0.2,0.03,0.2,0.03,0.23,0.26,0.03,0.26
ENG-Premier League,1920,Wolves,Leander Dendoncker,BEL,"MF,DF",24,1995,38,32,2795,31.1,4,0,4,4,0,0,5,0,1.8,1.8,0.7,2.5,17,68,39,0.13,0.0,0.13,0.13,0.13,0.06,0.02,0.08,0.06,0.08
ENG-Premier League,1920,Wolves,Matt Doherty,IRL,"MF,DF",27,1992,36,32,2839,31.5,4,3,7,4,0,0,1,0,6.9,6.9,2.2,9.1,75,158,155,0.13,0.1,0.22,0.13,0.22,0.22,0.07,0.29,0.22,0.29
ENG-Premier League,1920,Wolves,Max Kilman,ENG,DF,22,1997,3,2,185,2.1,0,0,0,0,0,0,0,0,0.0,0.0,0.0,0.0,0,10,0,0.0,0.0,0.0,0.0,0.0,0.0,0.0,0.0,0.0,0.0
ENG-Premier League,1920,Wolves,Morgan Gibbs-White,ENG,"MF,FW",19,2000,7,1,129,1.4,0,0,0,0,0,0,0,0,0.1,0.1,0.1,0.2,5,6,11,0.0,0.0,0.0,0.0,0.0,0.06,0.07,0.13,0.06,0.13
ENG-Premier League,1920,Wolves,Patrick Cutrone,ITA,FW,21,1998,12,3,297,3.3,2,0,2,2,0,0,0,0,2.2,2.2,0.3,2.5,5,1,20,0.61,0.0,0.61,0.61,0.61,0.68,0.08,0.76,0.68,0.76
ENG-Premier League,1920,Wolves,Pedro Neto,POR,"FW,MF",19,2000,29,9,939,10.4,3,3,6,3,0,0,3,0,2.2,2.2,2.6,4.8,53,23,101,0.29,0.29,0.58,0.29,0.58,0.21,0.25,0.46,0.21,0.46
ENG-Premier League,1920,Wolves,Raúl Jiménez,MEX,FW,28,1991,38,37,3236,36.0,17,6,23,13,4,4,3,0,16.6,13.4,7.0,20.4,89,102,223,0.47,0.17,0.64,0.36,0.53,0.46,0.19,0.65,0.37,0.57
ENG-Premier League,1920,Wolves,Romain Saïss,MAR,DF,29,1990,33,31,2705,30.1,2,1,3,2,0,0,12,1,3.4,3.4,1.3,4.8,10,132,9,0.07,0.03,0.1,0.07,0.1,0.11,0.04,0.16,0.11,0.16
ENG-Premier League,1920,Wolves,Rui Patrício,POR,GK,31,1988,38,38,3420,38.0,0,0,0,0,0,0,0,0,0.0,0.0,0.0,0.0,0,0,1,0.0,0.0,0.0,0.0,0.0,0.0,0.0,0.0,0.0,0.0
ENG-Premier League,1920,Wolves,Ryan Bennett,ENG,DF,29,1990,11,7,606,6.7,0,0,0,0,0,0,2,0,0.1,0.1,0.1,0.1,3,17,0,0.0,0.0,0.0,0.0,0.0,0.01,0.01,0.02,0.01,0.02
ENG-Premier League,1920,Wolves,Rúben Neves,POR,MF,22,1997,38,35,3056,34.0,2,2,4,2,0,0,9,0,2.0,2.0,2.2,4.2,19,216,23,0.06,0.06,0.12,0.06,0.12,0.06,0.06,0.12,0.06,0.12
ENG-Premier League,1920,Wolves,Rúben Vinagre,POR,"MF,DF",20,1999,16,6,652,7.2,0,0,0,0,0,0,1,0,0.3,0.3,0.6,0.9,36,8,32,0.0,0.0,0.0,0.0,0.0,0.04,0.08,0.12,0.04,0.12
ENG-Premier League,1920,Wolves,Willy Boly,CIV,DF,28,1991,22,22,1979,22.0,0,1,1,0,0,0,3,1,0.4,0.4,1.1,1.5,4,48,5,0.0,0.05,0.05,0.0,0.05,0.02,0.05,0.07,0.02,0.07
