league,season,team,player,nation,pos,age,born,90s,Cmp,Att,Cmp%,TotDist,PrgDist,Cmp,Att,Cmp%,Cmp,Att,Cmp%,Cmp,Att,Cmp%,,,xA,A-xAG,KP,1/3,PPA,CrsPA,PrgP
ENG-Premier League,1920,Arsenal,Ainsley Maitland-Niles,ENG,DF,21,1997,15.4,841,1025,82.0,12850,4193,446,502,88.8,311,370,84.1,53,95,55.8,2,1.5,1.4,0.5,11,44,13,5,61
ENG-Premier League,1920,Arsenal,Alexandre Lacazette,FRA,FW,28,1991,20.8,391,521,75.0,5362,1084,225,262,85.9,105,140,75.0,22,41,53.7,4,2.9,1.6,1.1,24,25,23,4,49
ENG-Premier League,1920,Arsenal,Bernd Leno,GER,GK,27,1992,29.4,762,990,77.0,16550,10417,214,215,99.5,429,432,99.3,112,330,33.9,0,0.0,0.0,0.0,0,2,0,0,0
ENG-Premier League,1920,Arsenal,Bukayo Saka,ENG,"DF,FW",17,2001,19.5,646,845,76.4,9418,2699,375,425,88.2,227,293,77.5,22,52,42.3,5,3.3,2.0,1.7,21,37,19,5,67
ENG-Premier League,1920,Arsenal,Calum Chambers,ENG,DF,24,1995,12.2,732,915,80.0,13541,4397,286,322,88.8,354,413,85.7,79,132,59.8,1,1.6,0.9,-0.6,7,46,6,2,45
ENG-Premier League,1920,Arsenal,Cédric Soares,POR,"MF,DF",27,1991,2.8,96,135,71.1,1469,437,61,71,85.9,23,40,57.5,8,15,53.3,0,0.0,0.1,0.0,1,6,2,0,11
ENG-Premier League,1920,Arsenal,Dani Ceballos,ESP,MF,22,1996,18.8,1114,1329,83.8,19951,5446,482,523,92.2,479,531,90.2,121,202,59.9,2,1.8,2.0,0.2,28,120,29,2,174
ENG-Premier League,1920,Arsenal,David Luiz,BRA,DF,32,1987,31.2,1537,1816,84.6,33337,11723,379,421,90.0,889,938,94.8,254,413,61.5,1,0.9,1.2,0.1,4,100,9,2,106
ENG-Premier League,1920,Arsenal,Eddie Nketiah,ENG,FW,20,1999,7.0,105,141,74.5,1441,247,59,72,81.9,38,49,77.6,3,5,60.0,0,0.6,0.1,-0.6,5,6,3,0,16
ENG-Premier League,1920,Arsenal,Emile Smith Rowe,ENG,MF,19,2000,1.1,30,36,83.3,327,57,20,22,90.9,6,8,75.0,0,1,0.0,0,0.0,0.0,0.0,0,2,0,0,2
ENG-Premier League,1920,Arsenal,Emiliano Martínez,ARG,GK,26,1992,8.6,212,293,72.4,5094,3181,58,58,100.0,107,110,97.3,41,118,34.7,0,0.0,0.0,0.0,0,6,0,0,0
ENG-Premier League,1920,Arsenal,Gabriel Martinelli,BRA,FW,18,2001,7.4,82,140,58.6,1073,283,54,79,68.4,20,37,54.1,4,7,57.1,0,0.1,0.2,-0.1,2,3,5,0,12
ENG-Premier League,1920,Arsenal,Granit Xhaka,SUI,MF,26,1992,28.7,1695,1944,87.2,31542,8782,676,740,91.4,781,863,90.5,198,263,75.3,2,1.0,1.3,1.0,16,197,22,3,237
ENG-Premier League,1920,Arsenal,Henrikh Mkhitaryan,ARM,FW,30,1989,1.2,56,76,73.7,840,174,33,36,91.7,20,25,80.0,1,6,16.7,0,0.3,0.3,-0.3,2,4,2,0,8
ENG-Premier League,1920,Arsenal,Héctor Bellerín,ESP,"DF,MF",24,1995,12.9,575,711,80.9,8755,2624,294,327,89.9,251,299,83.9,14,28,50.0,0,0.4,0.8,-0.4,3,39,7,2,58
ENG-Premier League,1920,Arsenal,Joe Willock,ENG,"MF,FW",19,1999,9.5,287,359,79.9,4611,1347,143,169,84.6,118,130,90.8,17,33,51.5,1,1.1,0.6,-0.1,12,34,8,2,41
ENG-Premier League,1920,Arsenal,Kieran Tierney,SCO,"DF,MF",22,1997,11.0,426,571,74.6,7168,2283,210,237,88.6,178,236,75.4,34,66,51.5,1,1.0,0.5,0.0,6,21,10,7,34
ENG-Premier League,1920,Arsenal,Lucas Torreira,URU,MF,23,1996,16.8,798,919,86.8,14097,3578,314,348,90.2,400,439,91.1,59,82,72.0,1,0.8,1.0,0.2,15,52,5,0,83
ENG-Premier League,1920,Arsenal,Mattéo Guendouzi,FRA,MF,20,1999,19.4,1027,1170,87.8,18529,5467,430,467,92.1,448,483,92.8,120,144,83.3,1,1.1,1.6,-0.1,12,141,20,1,160
ENG-Premier League,1920,Arsenal,Mesut Özil,GER,MF,30,1988,16.0,758,913,83.0,11455,3088,414,442,93.7,257,295,87.1,54,100,54.0,2,2.3,2.3,-0.3,37,63,25,0,114
ENG-Premier League,1920,Arsenal,Nacho Monreal,ESP,DF,33,1986,3.0,178,207,86.0,2397,902,115,126,91.3,53,60,88.3,4,9,44.4,0,0.3,0.1,-0.3,3,6,1,0,12
ENG-Premier League,1920,Arsenal,Nicolas Pépé,CIV,FW,24,1995,22.3,610,824,74.0,8817,2028,364,415,87.7,171,222,77.0,45,101,44.6,6,4.8,4.0,1.2,39,28,30,6,67
ENG-Premier League,1920,Arsenal,Pablo Marí,ESP,DF,25,1993,1.3,85,100,85.0,1705,493,29,31,93.5,42,44,95.5,14,22,63.6,0,0.0,0.0,0.0,0,6,0,0,5
ENG-Premier League,1920,Arsenal,Pierre-Emerick Aubameyang,GAB,FW,30,1989,34.8,614,912,67.3,8262,2061,373,461,80.9,169,277,61.0,25,54,46.3,3,3.3,4.1,-0.3,26,25,47,16,81
ENG-Premier League,1920,Arsenal,Reiss Nelson,ENG,FW,19,1999,7.0,186,232,80.2,2759,727,107,118,90.7,55,65,84.6,14,24,58.3,0,0.4,0.8,-0.4,9,9,8,1,20
ENG-Premier League,1920,Arsenal,Rob Holding,ENG,DF,23,1995,6.5,307,354,86.7,6164,2025,95,104,91.3,174,185,94.1,37,60,61.7,0,0.0,0.1,0.0,0,13,2,0,16
ENG-Premier League,1920,Arsenal,Sead Kolašinac,BIH,DF,26,1993,18.9,877,1041,84.2,12502,3694,516,565,91.3,301,367,82.0,30,52,57.7,2,1.3,1.2,0.7,10,46,13,4,74
ENG-Premier League,1920,Arsenal,Shkodran Mustafi,GER,DF,27,1992,13.4,693,848,81.7,14566,4890,172,212,81.1,424,469,90.4,94,144,65.3,1,0.4,0.1,0.6,3,48,1,1,61
ENG-Premier League,1920,Arsenal,Sokratis Papastathopoulos,GRE,DF,31,1988,18.8,914,1043,87.6,18075,6123,315,333,94.6,470,511,92.0,117,173,67.6,0,0.3,0.2,-0.3,2,35,1,0,27
ENG-Premier League,1920,Aston Villa,Ahmed Elmohamady,EGY,DF,31,1987,11.5,496,657,75.5,8552,3169,246,268,91.8,182,251,72.5,57,104,54.8,1,2.8,2.1,-1.8,22,44,25,18,47
ENG-Premier League,1920,Aston Villa,Anwar El Ghazi,NED,"FW,MF",24,1995,22.8,390,607,64.3,5945,1595,234,294,79.6,93,160,58.1,39,80,48.8,4,2.7,1.9,1.3,30,20,21,14,47
ENG-Premier League,1920,Aston Villa,Björn Engels,BEL,DF,24,1994,16.1,548,653,83.9,11293,4152,170,191,89.0,301,334,90.1,74,118,62.7,0,0.3,0.2,-0.3,2,46,1,1,43
ENG-Premier League,1920,Aston Villa,Borja Bastón,ESP,"MF,FW",26,1992,0.2,4,6,66.7,75,25,2,3,66.7,2,2,100.0,0,0,,0,0.0,0.0,0.0,0,1,0,0,1
ENG-Premier League,1920,Aston Villa,Conor Hourihane,IRL,MF,28,1991,17.0,547,739,74.0,9334,3163,240,282,85.1,238,287,82.9,47,115,40.9,5,6.0,4.3,-1.0,38,52,16,4,75
ENG-Premier League,1920,Aston Villa,Danny Drinkwater,ENG,MF,29,1990,2.9,138,169,81.7,2447,567,67,79,84.8,54,59,91.5,16,22,72.7,0,0.0,0.1,0.0,1,18,1,0,20
ENG-Premier League,1920,Aston Villa,Douglas Luiz,BRA,MF,21,1998,29.0,1010,1243,81.3,19047,5278,400,460,87.0,454,536,84.7,131,191,68.6,2,1.7,1.6,0.3,17,106,17,5,143
ENG-Premier League,1920,Aston Villa,Ezri Konsa,ENG,DF,21,1997,22.7,677,877,77.2,12291,4688,280,320,87.5,331,400,82.8,58,129,45.0,2,1.0,0.3,1.0,11,42,5,5,53
ENG-Premier League,1920,Aston Villa,Frederic Guilbert,FRA,"DF,MF",24,1994,22.7,679,1046,64.9,11643,4660,355,445,79.8,242,365,66.3,68,169,40.2,2,1.5,0.9,0.5,13,66,21,14,81
ENG-Premier League,1920,Aston Villa,Henri Lansbury,ENG,MF,28,1990,2.2,64,83,77.1,1163,215,29,33,87.9,25,36,69.4,8,10,80.0,0,0.1,0.2,-0.1,2,7,0,0,7
ENG-Premier League,1920,Aston Villa,Indiana Vassilev,USA,"FW,MF",18,2001,0.6,8,12,66.7,89,4,5,5,100.0,2,2,100.0,0,0,,0,0.0,0.0,0.0,0,0,0,0,0
ENG-Premier League,1920,Aston Villa,Jack Grealish,ENG,"FW,MF",23,1995,35.9,1219,1546,78.8,20682,5789,589,662,89.0,449,530,84.7,134,229,58.5,6,7.4,6.5,-1.4,91,102,68,7,197
ENG-Premier League,1920,Aston Villa,Jed Steer,ENG,GK,26,1992,0.1,1,2,50.0,26,12,0,0,,1,1,100.0,0,1,0.0,0,0.0,0.0,0.0,0,0,0,0,0
ENG-Premier League,1920,Aston Villa,John McGinn,SCO,MF,24,1994,25.7,600,794,75.6,12378,3698,219,258,84.9,252,305,82.6,112,172,65.1,3,2.5,2.4,0.5,37,80,31,7,113
ENG-Premier League,1920,Aston Villa,Jonathan Kodjia,CIV,FW,29,1989,1.3,15,27,55.6,183,3,12,16,75.0,3,5,60.0,0,2,0.0,0,0.1,0.1,-0.1,1,1,0,0,1
ENG-Premier League,1920,Aston Villa,Jota,ESP,"FW,MF",28,1991,3.7,75,98,76.5,1213,475,43,48,89.6,22,33,66.7,9,12,75.0,1,0.6,0.6,0.4,4,11,6,0,14
ENG-Premier League,1920,Aston Villa,Keinan Davis,ENG,FW,21,1998,6.1,101,139,72.7,1190,176,79,99,79.8,15,25,60.0,3,3,100.0,0,0.2,0.1,-0.2,5,7,2,0,9
ENG-Premier League,1920,Aston Villa,Kortney Hause,ENG,DF,24,1995,17.2,607,825,73.6,11420,4829,248,303,81.8,275,323,85.1,77,163,47.2,0,0.5,0.3,-0.5,2,44,1,0,46
ENG-Premier League,1920,Aston Villa,Marvelous Nakamba,ZIM,MF,25,1994,20.4,663,793,83.6,10776,2708,332,376,88.3,274,308,89.0,43,69,62.3,0,0.5,0.5,-0.5,12,48,4,0,57
ENG-Premier League,1920,Aston Villa,Matt Targett,ENG,"DF,MF",23,1995,25.5,883,1229,71.8,14497,6305,485,543,89.3,305,421,72.4,75,193,38.9,2,2.6,2.8,-0.6,26,76,27,11,115
ENG-Premier League,1920,Aston Villa,Mbwana Samatta,TAN,FW,26,1992,10.5,119,176,67.6,1547,235,76,99,76.8,27,50,54.0,9,10,90.0,0,0.6,0.2,-0.6,10,8,2,0,11
ENG-Premier League,1920,Aston Villa,Neil Taylor,WAL,DF,30,1989,12.1,410,522,78.5,5944,2497,230,249,92.4,153,193,79.3,13,39,33.3,0,0.4,0.2,-0.4,5,22,4,1,48
ENG-Premier League,1920,Aston Villa,Pepe Reina,ESP,GK,36,1982,12.0,281,399,70.4,9063,7064,36,36,100.0,112,115,97.4,132,244,54.1,0,0.0,0.0,0.0,1,4,0,0,0
ENG-Premier League,1920,Aston Villa,Tom Heaton,ENG,GK,33,1986,19.9,371,628,59.1,11773,9472,61,61,100.0,176,180,97.8,133,383,34.7,0,0.0,0.0,0.0,0,7,0,0,0
ENG-Premier League,1920,Aston Villa,Trézéguet,EGY,"FW,MF",24,1994,21.7,291,441,66.0,4192,1096,174,210,82.9,80,137,58.4,21,46,45.7,1,1.0,1.2,0.0,21,19,13,7,37
ENG-Premier League,1920,Aston Villa,Tyrone Mings,ENG,DF,26,1993,32.2,1085,1400,77.5,23447,8852,290,329,88.1,624,680,91.8,158,355,44.5,2,0.7,0.4,1.3,7,57,4,1,60
ENG-Premier League,1920,Aston Villa,Wesley Moraes,BRA,FW,22,1996,19.8,265,379,69.9,3721,584,164,217,75.6,66,89,74.2,18,26,69.2,1,1.0,0.7,0.0,11,17,1,0,21
ENG-Premier League,1920,Aston Villa,Ørjan Nyland,NOR,GK,28,1990,6.0,105,182,57.7,3547,2893,8,9,88.9,52,55,94.5,45,117,38.5,0,0.0,0.0,0.0,0,3,0,0,1
ENG-Premier League,1920,Bournemouth,Aaron Ramsdale,ENG,GK,21,1998,37.0,675,1136,59.4,20764,15997,124,128,96.9,308,310,99.4,242,689,35.1,1,0.7,0.1,0.3,2,20,1,1,0
ENG-Premier League,1920,Bournemouth,Adam Smith,ENG,DF,28,1991,22.8,827,1044,79.2,11632,4435,522,574,90.9,247,310,79.7,36,93,38.7,1,1.1,0.6,-0.1,10,60,7,3,93
ENG-Premier League,1920,Bournemouth,Andrew Surman,ENG,MF,32,1986,2.6,105,130,80.8,1812,472,49,60,81.7,40,48,83.3,11,16,68.8,0,0.0,0.1,0.0,1,6,1,0,5
ENG-Premier League,1920,Bournemouth,Arnaut Danjuma,NED,MF,22,1997,7.0,183,233,78.5,2768,574,99,118,83.9,66,79,83.5,12,19,63.2,0,0.2,0.3,-0.2,5,11,4,1,21
ENG-Premier League,1920,Bournemouth,Callum Wilson,ENG,FW,27,1992,32.3,334,542,61.6,4323,951,227,308,73.7,71,122,58.2,15,25,60.0,1,2.8,2.0,-1.8,28,28,14,1,52
ENG-Premier League,1920,Bournemouth,Charlie Daniels,ENG,DF,32,1986,1.4,36,50,72.0,638,293,20,20,100.0,8,11,72.7,6,15,40.0,0,0.1,0.0,-0.1,2,3,1,1,2
ENG-Premier League,1920,Bournemouth,Chris Mepham,WAL,DF,21,1997,10.1,434,505,85.9,8003,2922,161,173,93.1,236,261,90.4,30,53,56.6,0,0.1,0.1,-0.1,1,14,0,0,28
ENG-Premier League,1920,Bournemouth,Dan Gosling,ENG,MF,29,1990,14.0,407,527,77.2,5848,1762,244,285,85.6,114,140,81.4,27,43,62.8,1,1.1,0.9,-0.1,10,40,5,2,55
ENG-Premier League,1920,Bournemouth,David Brooks,WAL,"MF,FW",22,1997,5.6,121,180,67.2,1700,574,68,86,79.1,34,45,75.6,9,26,34.6,0,0.3,0.7,-0.3,6,10,10,5,17
ENG-Premier League,1920,Bournemouth,Diego Rico,ESP,DF,26,1993,25.9,993,1516,65.5,16826,9108,496,583,85.1,370,555,66.7,104,266,39.1,4,3.2,3.3,0.8,33,96,28,14,145
ENG-Premier League,1920,Bournemouth,Dominic Solanke,ENG,FW,21,1997,18.3,301,439,68.6,3698,828,202,256,78.9,60,92,65.2,13,21,61.9,1,1.2,0.9,-0.2,15,26,7,1,35
ENG-Premier League,1920,Bournemouth,Harry Wilson,WAL,"MF,FW",22,1997,18.3,452,624,72.4,7801,1765,245,287,85.4,136,182,74.7,59,99,59.6,0,2.4,2.6,-2.4,14,42,22,1,66
ENG-Premier League,1920,Bournemouth,Jack Simpson,ENG,DF,22,1996,2.7,75,107,70.1,1186,448,40,49,81.6,30,39,76.9,4,13,30.8,0,0.1,0.0,-0.1,1,5,0,0,5
ENG-Premier League,1920,Bournemouth,Jack Stacey,ENG,DF,23,1996,17.2,562,785,71.6,8009,3482,362,408,88.7,161,238,67.6,27,77,35.1,2,2.2,1.7,-0.2,10,50,6,1,50
ENG-Premier League,1920,Bournemouth,Jefferson Lerma,COL,MF,24,1994,30.0,1104,1415,78.0,19745,6712,498,591,84.3,445,528,84.3,132,220,60.0,2,1.4,1.4,0.6,12,136,15,0,137
ENG-Premier League,1920,Bournemouth,Jordon Ibe,ENG,DF,23,1995,0.6,17,22,77.3,239,74,11,11,100.0,4,7,57.1,1,1,100.0,0,0.0,0.0,0.0,0,1,1,0,2
ENG-Premier League,1920,Bournemouth,Joshua King,NOR,"FW,MF",27,1992,22.3,369,524,70.4,4923,1128,228,281,81.1,95,141,67.4,17,26,65.4,4,4.1,2.2,-0.1,30,21,18,4,46
ENG-Premier League,1920,Bournemouth,Junior Stanislas,ENG,"MF,FW",29,1989,7.9,214,306,69.9,3087,1102,122,144,84.7,60,91,65.9,16,39,41.0,0,0.8,1.1,-0.8,12,15,7,2,26
ENG-Premier League,1920,Bournemouth,Lewis Cook,ENG,"MF,FW",22,1997,15.0,572,739,77.4,10075,3152,274,321,85.4,219,261,83.9,70,109,64.2,0,0.5,0.9,-0.5,11,66,10,1,80
ENG-Premier League,1920,Bournemouth,Lloyd Kelly,ENG,DF,20,1998,7.1,178,241,73.9,3484,1346,57,68,83.8,96,117,82.1,21,44,47.7,0,0.3,0.2,-0.3,2,8,0,0,9
ENG-Premier League,1920,Bournemouth,Mark Travers,IRL,GK,20,1999,1.0,20,30,66.7,449,301,7,7,100.0,9,10,90.0,4,13,30.8,0,0.0,0.0,0.0,0,0,0,0,0
ENG-Premier League,1920,Bournemouth,Nathan Aké,NED,DF,24,1995,27.8,1079,1238,87.2,19315,6988,435,472,92.2,554,608,91.1,82,132,62.1,2,2.2,0.3,-0.2,7,58,7,0,81
ENG-Premier League,1920,Bournemouth,Philip Billing,DEN,MF,23,1996,28.1,879,1216,72.3,14318,3856,452,594,76.1,317,397,79.8,79,139,56.8,1,1.7,1.9,-0.7,15,70,18,1,100
ENG-Premier League,1920,Bournemouth,Ryan Fraser,SCO,"MF,FW",25,1994,23.0,658,964,68.3,9972,3561,373,438,85.2,210,296,70.9,55,157,35.0,4,3.9,3.6,0.1,44,62,39,8,100
ENG-Premier League,1920,Bournemouth,Sam Surridge,ENG,"FW,MF",21,1998,0.3,5,11,45.5,72,21,2,6,33.3,3,4,75.0,0,0,,0,0.1,0.0,-0.1,1,1,1,0,2
ENG-Premier League,1920,Bournemouth,Simon Francis,ENG,DF,34,1985,10.8,426,567,75.1,7646,2996,201,230,87.4,183,224,81.7,41,98,41.8,0,0.2,0.4,-0.2,4,26,3,2,26
ENG-Premier League,1920,Bournemouth,Steve Cook,ENG,DF,28,1991,27.0,1016,1296,78.4,20536,7661,279,334,83.5,613,705,87.0,118,222,53.2,0,0.5,0.4,-0.5,4,46,2,0,73
ENG-Premier League,1920,Brighton,Aaron Connolly,IRL,FW,19,2000,14.0,113,155,72.9,1387,183,66,83,79.5,30,40,75.0,2,2,100.0,1,0.5,0.4,0.5,6,9,2,0,10
ENG-Premier League,1920,Brighton,Aaron Mooy,AUS,"MF,FW",28,1990,23.2,818,1092,74.9,12922,3701,459,513,89.5,245,311,78.8,81,169,47.9,2,4.5,3.2,-2.5,39,87,26,5,158
ENG-Premier League,1920,Brighton,Adam Webster,ENG,DF,24,1995,29.6,1587,1923,82.5,31102,12129,540,628,86.0,862,969,89.0,175,283,61.8,1,1.3,0.8,-0.3,11,85,5,0,119
ENG-Premier League,1920,Brighton,Alexis Mac Allister,ARG,"MF,FW",20,1998,3.9,77,121,63.6,1144,294,41,51,80.4,25,35,71.4,5,23,21.7,0,0.3,0.2,-0.3,5,6,1,1,6
ENG-Premier League,1920,Brighton,Alireza Jahanbakhsh,IRN,"FW,MF",25,1993,3.5,86,138,62.3,1113,338,55,67,82.1,25,46,54.3,2,12,16.7,0,0.6,0.4,-0.6,4,5,3,0,12
ENG-Premier League,1920,Brighton,Bernardo,BRA,"DF,MF",24,1995,7.5,286,395,72.4,4415,1827,147,181,81.2,118,158,74.7,12,34,35.3,0,1.1,0.3,-1.1,4,22,8,1,56
ENG-Premier League,1920,Brighton,Dale Stephens,ENG,MF,30,1989,28.1,1440,1687,85.4,27512,7212,530,595,89.1,720,793,90.8,170,240,70.8,1,1.3,1.7,-0.3,20,140,19,0,160
ENG-Premier League,1920,Brighton,Dan Burn,ENG,DF,27,1992,32.0,1392,1884,73.9,22347,7699,736,873,84.3,562,709,79.3,78,214,36.4,0,1.3,1.7,-1.3,19,114,18,7,135
ENG-Premier League,1920,Brighton,Davy Pröpper,NED,MF,27,1991,31.4,1511,1833,82.4,26475,8360,643,757,84.9,730,824,88.6,113,169,66.9,2,2.5,2.1,-0.5,29,184,24,5,265
ENG-Premier League,1920,Brighton,Ezequiel Schelotto,ITA,DF,30,1989,4.0,121,175,69.1,1849,636,67,82,81.7,48,66,72.7,5,17,29.4,0,0.0,0.1,0.0,0,6,3,0,9
ENG-Premier League,1920,Brighton,Florin Andone,ROU,FW,26,1993,0.8,7,12,58.3,71,22,7,8,87.5,0,2,0.0,0,0,,0,0.1,0.0,-0.1,1,0,0,0,0
ENG-Premier League,1920,Brighton,Gaëtan Bong,CMR,"DF,MF",31,1988,0.7,25,35,71.4,450,191,12,14,85.7,10,14,71.4,3,5,60.0,0,0.2,0.1,-0.2,2,2,1,1,5
ENG-Premier League,1920,Brighton,Glenn Murray,ENG,FW,35,1983,8.9,104,173,60.1,1414,257,69,95,72.6,29,48,60.4,3,8,37.5,1,0.7,0.5,0.3,3,7,3,0,15
ENG-Premier League,1920,Brighton,Jürgen Locadia,CUW,"FW,MF",25,1993,1.0,10,21,47.6,126,1,7,10,70.0,3,6,50.0,0,0,,0,0.0,0.0,0.0,0,0,0,0,0
ENG-Premier League,1920,Brighton,Leandro Trossard,BEL,"FW,MF",24,1994,22.3,562,802,70.1,9853,2867,265,337,78.6,214,290,73.8,65,105,61.9,3,3.9,3.0,-0.9,42,51,30,4,95
ENG-Premier League,1920,Brighton,Lewis Dunk,ENG,DF,27,1991,35.9,1991,2298,86.6,41568,14759,569,624,91.2,1157,1214,95.3,255,427,59.7,3,1.5,0.6,1.5,14,127,4,0,110
ENG-Premier League,1920,Brighton,Martín Montoya,ESP,"DF,MF",28,1991,21.1,992,1278,77.6,16221,5125,540,636,84.9,370,458,80.8,75,125,60.0,1,1.8,1.8,-0.8,21,51,33,12,91
ENG-Premier League,1920,Brighton,Mathew Ryan,AUS,GK,27,1992,38.0,1217,1482,82.1,31353,21007,263,265,99.2,597,607,98.4,350,592,59.1,0,0.0,0.0,0.0,0,10,1,0,0
ENG-Premier League,1920,Brighton,Neal Maupay,FRA,FW,22,1996,30.7,543,699,77.7,7725,1302,314,364,86.3,174,212,82.1,27,36,75.0,3,2.1,1.9,0.9,25,35,23,1,66
ENG-Premier League,1920,Brighton,Pascal Groß,GER,"MF,FW",28,1991,20.0,765,1059,72.2,13347,3860,383,435,88.0,260,325,80.0,97,211,46.0,4,5.3,4.7,-1.3,59,53,34,10,135
ENG-Premier League,1920,Brighton,Shane Duffy,IRL,DF,27,1992,13.8,521,647,80.5,10654,3802,158,186,84.9,297,337,88.1,63,110,57.3,0,0.2,0.1,-0.2,2,23,3,1,29
ENG-Premier League,1920,Brighton,Solly March,ENG,"FW,MF",25,1994,12.7,451,622,72.5,7809,2100,223,258,86.4,174,233,74.7,45,98,45.9,1,0.9,1.7,0.1,13,21,23,8,55
ENG-Premier League,1920,Brighton,Steven Alzate,COL,"MF,DF",20,1998,13.2,556,661,84.1,8283,2031,316,354,89.3,210,241,87.1,20,28,71.4,0,0.7,0.9,-0.7,14,28,17,3,66
ENG-Premier League,1920,Brighton,Tariq Lamptey,GHA,DF,18,2000,6.5,177,235,75.3,2614,721,91,104,87.5,76,97,78.4,4,19,21.1,1,1.0,0.5,0.0,6,11,6,3,15
ENG-Premier League,1920,Brighton,Yves Bissouma,MLI,MF,22,1996,14.0,529,629,84.1,8913,2059,254,283,89.8,203,230,88.3,51,76,67.1,0,0.2,0.4,-0.2,4,47,7,0,63
ENG-Premier League,1920,Burnley,Aaron Lennon,ENG,MF,32,1987,5.5,84,127,66.1,1046,270,55,66,83.3,23,30,76.7,2,11,18.2,0,0.1,0.2,-0.1,2,5,2,1,7
ENG-Premier League,1920,Burnley,Ashley Barnes,ENG,FW,29,1989,15.0,138,259,53.3,1684,364,83,120,69.2,37,74,50.0,4,18,22.2,0,0.3,0.4,-0.3,5,5,8,0,18
ENG-Premier League,1920,Burnley,Ashley Westwood,ENG,MF,29,1990,35.0,1413,1902,74.3,25746,8166,588,668,88.0,576,706,81.6,191,417,45.8,6,6.2,6.0,-0.2,54,172,33,10,177
ENG-Premier League,1920,Burnley,Ben Mee,ENG,DF,29,1989,32.0,906,1272,71.2,18544,7882,284,343,82.8,497,595,83.5,117,296,39.5,1,1.6,1.2,-0.6,9,54,1,0,56
ENG-Premier League,1920,Burnley,Charlie Taylor,ENG,DF,25,1993,21.6,747,1075,69.5,12302,5230,388,445,87.2,289,380,76.1,60,188,31.9,1,0.9,1.0,0.1,12,43,21,17,54
ENG-Premier League,1920,Burnley,Chris Wood,NZL,FW,27,1991,27.1,290,474,61.2,3085,405,212,313,67.7,43,90,47.8,4,7,57.1,1,1.8,0.5,-0.8,22,9,2,0,16
ENG-Premier League,1920,Burnley,Danny Drinkwater,ENG,MF,29,1990,0.6,14,24,58.3,201,25,5,7,71.4,8,9,88.9,0,3,0.0,0,0.0,0.0,0.0,0,0,0,0,0
ENG-Premier League,1920,Burnley,Dwight McNeil,ENG,MF,19,1999,37.1,894,1305,68.5,15517,4923,470,537,87.5,257,369,69.6,133,265,50.2,6,7.7,6.8,-1.7,55,97,42,34,97
ENG-Premier League,1920,Burnley,Erik Pieters,NED,"DF,MF",30,1988,20.9,699,965,72.4,10684,4167,392,444,88.3,247,340,72.6,42,121,34.7,4,2.5,1.8,1.5,18,35,18,11,50
ENG-Premier League,1920,Burnley,Jack Cork,ENG,MF,30,1989,29.0,725,941,77.0,10877,2633,410,486,84.4,216,279,77.4,61,95,64.2,0,1.1,1.1,-1.1,12,55,8,1,67
ENG-Premier League,1920,Burnley,James Tarkowski,ENG,DF,26,1992,38.0,960,1365,70.3,19438,8051,315,396,79.5,488,615,79.3,141,291,48.5,2,3.1,2.2,-1.1,15,69,9,0,83
ENG-Premier League,1920,Burnley,Jay Rodriguez,ENG,FW,30,1989,22.4,326,483,67.5,3738,822,228,297,76.8,51,94,54.3,11,23,47.8,1,0.6,0.5,0.4,6,26,7,0,33
ENG-Premier League,1920,Burnley,Jeff Hendrick,IRL,MF,27,1992,21.5,424,588,72.1,6168,1588,248,285,87.0,136,180,75.6,24,58,41.4,2,1.6,1.8,0.4,14,28,10,2,40
ENG-Premier League,1920,Burnley,Josh Brownhill,ENG,MF,23,1995,8.9,275,338,81.4,3703,874,161,178,90.4,81,99,81.8,12,28,42.9,0,0.1,0.2,-0.1,3,16,1,0,20
ENG-Premier League,1920,Burnley,Jóhann Berg Guðmundsson,ISL,MF,28,1990,6.9,134,196,68.4,2433,653,72,87,82.8,34,48,70.8,22,51,43.1,1,1.0,1.3,0.0,13,5,12,10,6
ENG-Premier League,1920,Burnley,Kevin Long,IRL,DF,28,1990,6.3,149,201,74.1,2883,1037,57,72,79.2,69,82,84.1,20,37,54.1,0,0.0,0.0,0.0,0,5,0,0,8
ENG-Premier League,1920,Burnley,Matthew Lowton,ENG,DF,30,1989,17.0,509,755,67.4,8880,4036,253,288,87.8,196,282,69.5,52,155,33.5,1,1.2,1.0,-0.2,11,48,18,8,64
ENG-Premier League,1920,Burnley,Matěj Vydra,CZE,FW,27,1992,9.1,102,140,72.9,927,135,68,84,81.0,11,22,50.0,0,1,0.0,1,1.0,0.6,0.0,8,2,0,0,4
ENG-Premier League,1920,Burnley,Max Thompson,ENG,FW,17,2002,0.0,0,0,,0,0,0,0,,0,0,,0,0,,0,0.0,0.0,0.0,0,0,0,0,0
ENG-Premier League,1920,Burnley,Nick Pope,ENG,GK,27,1992,38.0,556,1194,46.6,22391,19476,48,48,100.0,172,176,97.7,336,961,35.0,0,0.4,0.2,-0.4,3,34,1,0,0
ENG-Premier League,1920,Burnley,Phil Bardsley,SCO,DF,34,1985,21.0,604,921,65.6,10172,4819,303,354,85.6,224,330,67.9,60,180,33.3,1,1.4,1.2,-0.4,10,71,18,5,70
ENG-Premier League,1920,Burnley,Robbie Brady,IRL,MF,27,1992,5.0,100,169,59.2,1378,527,60,77,77.9,31,54,57.4,3,15,20.0,2,0.4,0.5,1.6,8,8,6,0,20
ENG-Premier League,1920,Chelsea,Andreas Christensen,DEN,DF,23,1996,19.5,1199,1314,91.2,23631,7215,351,380,92.4,741,771,96.1,96,137,70.1,0,0.9,0.7,-0.9,4,78,1,0,75
ENG-Premier League,1920,Chelsea,Antonio Rüdiger,GER,DF,26,1993,19.0,1301,1511,86.1,26935,8793,353,387,91.2,776,834,93.0,159,255,62.4,0,0.6,0.5,-0.6,5,112,6,1,99
ENG-Premier League,1920,Chelsea,Armando Broja,ALB,FW,17,2001,0.1,1,1,100.0,10,0,1,1,100.0,0,0,,0,0,,0,0.0,0.0,0.0,0,0,0,0,0
ENG-Premier League,1920,Chelsea,Billy Gilmour,SCO,MF,18,2001,2.2,155,173,89.6,2643,649,72,79,91.1,64,67,95.5,14,18,77.8,0,0.1,0.1,-0.1,4,6,1,0,11
ENG-Premier League,1920,Chelsea,Callum Hudson-Odoi,ENG,"FW,MF",18,2000,9.6,380,486,78.2,6339,1158,196,231,84.8,105,129,81.4,52,75,69.3,5,2.0,2.0,3.0,20,15,26,9,43
ENG-Premier League,1920,Chelsea,Christian Pulisic,USA,FW,20,1998,19.1,539,706,76.3,7046,1330,333,394,84.5,134,174,77.0,25,49,51.0,4,3.6,2.7,0.4,30,25,25,2,73
ENG-Premier League,1920,Chelsea,César Azpilicueta,ESP,DF,29,1989,35.9,2317,2943,78.7,34946,12825,1262,1406,89.8,857,1098,78.1,124,247,50.2,6,6.0,5.0,0.0,45,148,58,26,193
ENG-Premier League,1920,Chelsea,Emerson Palmieri,ITA,DF,24,1994,11.4,708,875,80.9,9224,2394,458,508,90.2,163,219,74.4,37,67,55.2,0,1.3,1.1,-1.3,19,31,8,5,37
ENG-Premier League,1920,Chelsea,Faustino Anjorin,ENG,FW,17,2001,0.2,7,7,100.0,87,8,4,4,100.0,2,2,100.0,0,0,,0,0.0,0.0,0.0,0,1,0,0,1
ENG-Premier League,1920,Chelsea,Fikayo Tomori,ENG,DF,21,1997,14.3,1019,1167,87.3,18441,6115,362,395,91.6,575,617,93.2,66,119,55.5,0,0.1,0.3,-0.1,4,49,3,1,50
ENG-Premier League,1920,Chelsea,Jorginho,ITA,MF,27,1991,26.4,2000,2277,87.8,32957,9262,990,1069,92.6,740,833,88.8,190,253,75.1,2,2.8,2.4,-0.8,23,248,27,1,218
ENG-Premier League,1920,Chelsea,Kepa Arrizabalaga,ESP,GK,24,1994,33.0,896,1095,81.8,21518,13302,159,159,100.0,538,546,98.5,199,383,52.0,0,0.0,0.0,0.0,0,2,0,0,0
ENG-Premier League,1920,Chelsea,Kurt Zouma,FRA,DF,24,1994,26.0,1844,2087,88.4,36857,11195,548,618,88.7,1068,1132,94.3,209,297,70.4,0,0.2,0.4,-0.2,1,97,1,0,108
ENG-Premier League,1920,Chelsea,Marcos Alonso,ESP,DF,28,1990,15.9,916,1136,80.6,13962,4089,496,565,87.8,347,413,84.0,47,96,49.0,2,2.6,2.4,-0.6,25,39,29,14,69
ENG-Premier League,1920,Chelsea,Mason Mount,ENG,"MF,FW",20,1999,31.9,1108,1394,79.5,14894,3978,689,767,89.8,254,326,77.9,65,131,49.6,5,5.4,4.5,-0.4,51,101,34,5,138
ENG-Premier League,1920,Chelsea,Mateo Kovačić,CRO,MF,25,1994,23.0,1685,1889,89.2,28121,7315,824,882,93.4,635,700,90.7,161,210,76.7,3,1.8,2.2,1.2,27,180,22,1,215
ENG-Premier League,1920,Chelsea,Michy Batshuayi,BEL,FW,25,1993,2.7,64,78,82.1,641,80,41,48,85.4,11,14,78.6,0,1,0.0,1,0.2,0.2,0.8,3,0,0,0,1
ENG-Premier League,1920,Chelsea,N'Golo Kanté,FRA,MF,28,1991,19.2,975,1166,83.6,14537,3974,507,569,89.1,333,385,86.5,63,78,80.8,0,1.5,1.7,-1.5,27,104,27,10,132
ENG-Premier League,1920,Chelsea,Olivier Giroud,FRA,FW,32,1986,11.0,204,301,67.8,2139,244,144,203,70.9,36,51,70.6,2,7,28.6,0,0.9,1.0,-0.9,8,7,3,0,7
ENG-Premier League,1920,Chelsea,Pedro,ESP,"FW,MF",32,1987,7.3,266,337,78.9,3670,833,163,185,88.1,68,89,76.4,16,30,53.3,1,0.9,1.1,0.1,17,16,17,1,41
ENG-Premier League,1920,Chelsea,Reece James,ENG,DF,19,1999,16.8,1043,1284,81.2,16237,4525,557,616,90.4,381,459,83.0,69,129,53.5,2,2.7,2.5,-0.7,24,54,26,16,98
ENG-Premier League,1920,Chelsea,Ross Barkley,ENG,MF,25,1993,12.3,555,635,87.4,9250,1867,280,310,90.3,182,194,93.8,68,79,86.1,4,2.3,2.6,1.7,24,53,18,2,64
ENG-Premier League,1920,Chelsea,Ruben Loftus-Cheek,ENG,"MF,FW",23,1996,2.3,119,133,89.5,1746,333,74,82,90.2,34,37,91.9,7,8,87.5,1,0.4,0.5,0.6,1,9,3,0,15
ENG-Premier League,1920,Chelsea,Tammy Abraham,ENG,FW,21,1997,24.6,275,418,65.8,3513,697,161,221,72.9,63,86,73.3,13,21,61.9,3,2.7,1.9,0.3,21,17,7,1,34
ENG-Premier League,1920,Chelsea,Tariq Lamptey,GHA,DF,18,2000,0.4,11,14,78.6,184,43,6,6,100.0,5,7,71.4,0,0,,0,0.1,0.0,-0.1,1,0,1,0,2
ENG-Premier League,1920,Chelsea,Willian,BRA,"FW,MF",30,1988,28.9,1247,1622,76.9,19426,4419,696,792,87.9,355,455,78.0,123,221,55.7,7,7.7,6.6,-0.7,75,71,68,13,173
ENG-Premier League,1920,Chelsea,Willy Caballero,ARG,GK,37,1981,5.0,124,164,75.6,3134,2323,26,26,100.0,60,60,100.0,38,78,48.7,0,0.0,0.0,0.0,0,0,0,0,0
ENG-Premier League,1920,Crystal Palace,Andros Townsend,ENG,"FW,MF",28,1991,14.4,328,473,69.3,4834,1596,193,217,88.9,99,137,72.3,19,70,27.1,1,1.9,2.0,-0.9,13,23,24,12,44
ENG-Premier League,1920,Crystal Palace,Brandon Pierrick,ENG,"MF,FW",17,2001,0.2,5,9,55.6,52,9,2,2,100.0,1,2,50.0,0,0,,0,0.1,0.0,-0.1,2,0,1,0,2
ENG-Premier League,1920,Crystal Palace,Cenk Tosun,TUR,FW,28,1991,2.0,28,44,63.6,395,135,15,21,71.4,8,13,61.5,3,4,75.0,0,0.6,0.2,-0.6,1,2,3,0,7
ENG-Premier League,1920,Crystal Palace,Cheikhou Kouyaté,SEN,"MF,DF",29,1989,28.1,636,876,72.6,9359,2974,352,429,82.1,213,291,73.2,37,70,52.9,1,0.9,1.1,0.1,10,41,7,1,64
ENG-Premier League,1920,Crystal Palace,Christian Benteke,BEL,FW,28,1990,14.0,184,342,53.8,2448,634,113,191,59.2,50,97,51.5,7,11,63.6,1,2.6,1.1,-1.6,19,15,12,0,28
ENG-Premier League,1920,Crystal Palace,Connor Wickham,ENG,"FW,MF",26,1993,1.1,28,47,59.6,398,75,18,27,66.7,7,14,50.0,2,3,66.7,1,0.6,0.0,0.4,3,3,1,0,6
ENG-Premier League,1920,Crystal Palace,Gary Cahill,ENG,DF,33,1985,24.1,857,1009,84.9,17067,6010,288,323,89.2,461,506,91.1,104,161,64.6,1,0.2,0.3,0.8,3,40,2,0,48
ENG-Premier League,1920,Crystal Palace,James McArthur,SCO,MF,31,1987,34.3,1166,1513,77.1,18242,5976,624,706,88.4,415,511,81.2,84,157,53.5,3,2.4,2.4,0.6,34,124,23,5,174
ENG-Premier League,1920,Crystal Palace,James McCarthy,IRL,MF,28,1990,18.7,625,826,75.7,11075,3069,281,324,86.7,228,274,83.2,85,159,53.5,0,1.3,1.1,-1.3,17,60,8,0,55
ENG-Premier League,1920,Crystal Palace,James Tomkins,ENG,DF,30,1989,17.6,535,676,79.1,11121,3879,151,177,85.3,301,341,88.3,78,145,53.8,1,0.1,0.1,0.9,2,23,1,0,14
ENG-Premier League,1920,Crystal Palace,Jaïro Riedewald,NED,"DF,MF",22,1996,8.5,293,399,73.4,4299,1970,176,216,81.5,85,116,73.3,17,42,40.5,0,0.2,0.4,-0.2,2,36,5,1,31
ENG-Premier League,1920,Crystal Palace,Jeffrey Schlupp,GHA,"FW,MF",26,1992,11.5,251,344,73.0,3793,1131,140,163,85.9,90,120,75.0,11,34,32.4,1,0.8,0.4,0.2,7,37,3,0,42
ENG-Premier League,1920,Crystal Palace,Joel Ward,ENG,DF,29,1989,26.5,912,1270,71.8,13773,6373,511,585,87.4,301,422,71.3,66,163,40.5,0,0.3,0.6,-0.3,5,73,13,4,115
ENG-Premier League,1920,Crystal Palace,Jordan Ayew,GHA,FW,27,1991,35.0,673,853,78.9,8490,1767,425,488,87.1,150,190,78.9,36,52,69.2,2,2.5,2.0,-0.5,30,38,21,0,60
ENG-Premier League,1920,Crystal Palace,Luka Milivojević,SRB,MF,28,1991,27.9,1213,1585,76.5,23111,8399,481,554,86.8,520,601,86.5,179,361,49.6,1,2.1,2.8,-1.1,29,124,9,0,127
ENG-Premier League,1920,Crystal Palace,Mamadou Sakho,FRA,DF,29,1990,10.3,472,539,87.6,8874,3833,176,192,91.7,241,268,89.9,47,63,74.6,0,0.1,0.1,-0.1,1,28,1,0,26
ENG-Premier League,1920,Crystal Palace,Martin Kelly,ENG,DF,29,1990,17.2,500,710,70.4,8740,3988,228,283,80.6,216,289,74.7,48,109,44.0,1,0.8,0.6,0.2,6,31,8,6,35
ENG-Premier League,1920,Crystal Palace,Max Meyer,GER,"MF,FW",23,1995,7.3,158,211,74.9,1952,489,103,119,86.6,38,43,88.4,3,14,21.4,0,0.2,0.2,-0.2,4,13,5,1,16
ENG-Premier League,1920,Crystal Palace,Patrick van Aanholt,NED,DF,28,1990,27.9,1241,1595,77.8,19052,8208,668,758,88.1,470,590,79.7,73,163,44.8,2,3.7,3.2,-1.7,32,89,23,3,143
ENG-Premier League,1920,Crystal Palace,Scott Dann,ENG,DF,32,1987,14.1,475,586,81.1,8598,3924,184,211,87.2,224,251,89.2,50,90,55.6,1,0.4,0.7,0.6,5,19,0,0,28
ENG-Premier League,1920,Crystal Palace,Tyrick Mitchell,ENG,DF,19,1999,2.2,103,127,81.1,1389,661,68,74,91.9,29,35,82.9,3,9,33.3,0,0.2,0.2,-0.2,4,10,3,2,12
ENG-Premier League,1920,Crystal Palace,Vicente Guaita,ESP,GK,32,1987,35.0,610,1065,57.3,19861,16021,108,109,99.1,243,253,96.0,256,692,37.0,0,0.0,0.0,0.0,0,17,0,0,0
ENG-Premier League,1920,Crystal Palace,Víctor Camarasa,ESP,FW,25,1994,0.1,3,3,100.0,39,14,2,2,100.0,1,1,100.0,0,0,,0,0.0,0.0,0.0,0,0,0,0,0
ENG-Premier League,1920,Crystal Palace,Wayne Hennessey,WAL,GK,32,1987,3.0,50,105,47.6,2360,2214,3,3,100.0,11,12,91.7,36,88,40.9,0,0.0,0.0,0.0,0,2,0,0,0
ENG-Premier League,1920,Crystal Palace,Wilfried Zaha,CIV,"FW,MF",26,1992,36.4,928,1188,78.1,13537,3574,547,648,84.4,277,335,82.7,63,87,72.4,3,4.0,4.7,-1.0,36,62,70,12,146
ENG-Premier League,1920,Everton,Alex Iwobi,NGA,"MF,FW",23,1996,17.7,457,610,74.9,7868,2410,217,258,84.1,175,224,78.1,46,75,61.3,0,1.9,2.6,-1.9,24,50,28,9,106
ENG-Premier League,1920,Everton,André Gomes,POR,MF,26,1993,16.2,726,867,83.7,14718,4049,271,306,88.6,319,351,90.9,120,172,69.8,1,1.1,1.1,-0.1,11,86,12,2,105
ENG-Premier League,1920,Everton,Anthony Gordon,ENG,"MF,FW",18,2001,4.9,93,121,76.9,1465,374,52,58,89.7,29,38,76.3,9,15,60.0,1,0.4,0.2,0.6,6,9,1,1,9
ENG-Premier League,1920,Everton,Bernard,BRA,"MF,FW",26,1992,14.2,423,578,73.2,6033,1772,230,279,82.4,138,181,76.2,22,44,50.0,2,2.4,2.3,-0.4,24,42,26,6,76
ENG-Premier League,1920,Everton,Cenk Tosun,TUR,FW,28,1991,3.2,39,60,65.0,508,111,24,30,80.0,8,13,61.5,3,7,42.9,0,0.2,0.1,-0.2,4,3,3,0,6
ENG-Premier League,1920,Everton,Djibril Sidibé,FRA,"DF,MF",27,1992,20.3,924,1205,76.7,15657,5646,442,515,85.8,381,485,78.6,81,133,60.9,4,2.3,2.0,1.7,19,56,20,13,86
ENG-Premier League,1920,Everton,Dominic Calvert-Lewin,ENG,FW,22,1997,29.2,359,577,62.2,4534,1103,225,338,66.6,78,123,63.4,21,30,70.0,1,1.5,0.8,-0.5,15,31,14,3,50
ENG-Premier League,1920,Everton,Fabian Delph,ENG,MF,29,1989,13.2,682,793,86.0,12274,3378,300,322,93.2,274,301,91.0,83,126,65.9,0,0.4,0.7,-0.4,7,61,14,5,94
ENG-Premier League,1920,Everton,Gylfi Sigurðsson,ISL,MF,29,1989,28.4,890,1156,77.0,15044,4641,411,478,86.0,329,394,83.5,101,185,54.6,3,4.2,3.7,-1.2,51,91,25,4,127
ENG-Premier League,1920,Everton,Jarrad Branthwaite,ENG,DF,17,2002,3.3,196,223,87.9,3805,1248,60,66,90.9,118,125,94.4,18,31,58.1,0,0.0,0.0,0.0,0,6,1,0,4
ENG-Premier League,1920,Everton,Jean-Philippe Gbamin,CIV,MF,23,1995,1.5,50,70,71.4,736,153,25,29,86.2,20,22,90.9,1,8,12.5,0,0.0,0.0,0.0,0,8,0,0,7
ENG-Premier League,1920,Everton,Jordan Pickford,ENG,GK,25,1994,38.0,905,1383,65.4,28145,21362,185,185,100.0,359,364,98.6,346,815,42.5,0,0.1,0.1,-0.1,1,42,2,0,0
ENG-Premier League,1920,Everton,Leighton Baines,ENG,DF,34,1984,4.5,176,218,80.7,2671,991,106,113,93.8,54,65,83.1,13,26,50.0,0,0.8,0.7,-0.8,7,7,5,4,10
ENG-Premier League,1920,Everton,Lucas Digne,FRA,DF,26,1993,33.7,1371,2020,67.9,22556,9553,728,885,82.3,453,659,68.7,148,328,45.1,7,6.3,5.7,0.7,72,94,43,28,134
ENG-Premier League,1920,Everton,Mason Holgate,ENG,DF,22,1996,22.8,902,1074,84.0,19078,6148,287,321,89.4,448,497,90.1,163,225,72.4,3,0.7,1.3,2.3,4,47,4,1,58
ENG-Premier League,1920,Everton,Michael Keane,ENG,DF,26,1993,28.4,1203,1458,82.5,24542,8769,317,366,86.6,716,792,90.4,149,244,61.1,0,0.7,0.5,-0.7,6,61,3,0,84
ENG-Premier League,1920,Everton,Moise Kean,ITA,FW,19,2000,9.5,99,138,71.7,1173,310,55,71,77.5,20,25,80.0,4,7,57.1,2,2.0,0.6,0.0,10,8,6,2,12
ENG-Premier League,1920,Everton,Morgan Schneiderlin,FRA,MF,29,1989,11.1,484,570,84.9,8917,2675,202,226,89.4,189,213,88.7,69,93,74.2,0,0.1,0.2,-0.1,4,45,6,1,62
ENG-Premier League,1920,Everton,Oumar Niasse,SEN,FW,29,1990,0.2,3,4,75.0,22,0,2,2,100.0,0,1,0.0,0,0,,0,0.0,0.0,0.0,0,0,0,0,0
ENG-Premier League,1920,Everton,Richarlison,BRA,"FW,MF",22,1997,34.1,533,853,62.5,7523,1907,285,388,73.5,172,250,68.8,24,56,42.9,3,6.7,3.7,-3.7,34,31,30,3,93
ENG-Premier League,1920,Everton,Séamus Coleman,IRL,DF,30,1988,20.4,827,1087,76.1,12093,5112,450,511,88.1,282,370,76.2,45,107,42.1,1,1.7,0.8,-0.7,9,53,12,3,77
ENG-Premier League,1920,Everton,Theo Walcott,ENG,"MF,FW",30,1989,14.3,263,407,64.6,3637,1056,159,206,77.2,77,116,66.4,12,33,36.4,3,3.7,3.0,-0.7,19,20,17,6,34
ENG-Premier League,1920,Everton,Tom Davies,ENG,MF,21,1998,22.5,687,893,76.9,11896,4015,309,388,79.6,292,341,85.6,68,110,61.8,0,0.5,0.9,-0.5,6,85,16,2,113
ENG-Premier League,1920,Everton,Yerry Mina,COL,DF,24,1994,25.4,1141,1371,83.2,23926,8014,328,381,86.1,614,692,88.7,182,256,71.1,1,1.4,0.4,-0.4,7,51,0,0,83
ENG-Premier League,1920,Leicester City,Ayoze Pérez,ESP,"MF,FW",26,1993,22.3,597,770,77.5,7574,1749,394,453,87.0,140,180,77.8,20,33,60.6,4,4.0,3.2,0.0,28,44,28,5,62
ENG-Premier League,1920,Leicester City,Ben Chilwell,ENG,DF,22,1996,26.4,1544,2021,76.4,23939,7050,852,953,89.4,573,724,79.1,86,227,37.9,3,3.9,3.2,-0.9,34,109,22,10,126
ENG-Premier League,1920,Leicester City,Christian Fuchs,AUT,DF,33,1986,8.6,517,657,78.7,9002,3308,244,268,91.0,213,256,83.2,51,107,47.7,0,0.1,0.3,-0.1,2,42,6,1,46
ENG-Premier League,1920,Leicester City,Demarai Gray,JAM,"MF,FW",23,1996,6.9,265,327,81.0,3789,759,177,187,94.7,55,79,69.6,21,29,72.4,3,2.1,2.1,0.9,16,10,13,5,21
ENG-Premier League,1920,Leicester City,Dennis Praet,BEL,MF,25,1994,12.6,448,546,82.1,6705,1665,255,281,90.7,140,175,80.0,32,46,69.6,2,1.3,0.5,0.7,9,38,7,2,42
ENG-Premier League,1920,Leicester City,George Hirst,ENG,"MF,DF",20,1999,0.1,4,5,80.0,41,10,3,3,100.0,1,2,50.0,0,0,,0,0.0,0.0,0.0,0,0,0,0,0
ENG-Premier League,1920,Leicester City,Hamza Choudhury,ENG,MF,21,1997,9.9,428,501,85.4,7050,1474,204,230,88.7,174,193,90.2,35,48,72.9,1,0.1,0.2,0.9,4,29,3,0,32
ENG-Premier League,1920,Leicester City,Harvey Barnes,ENG,"MF,FW",21,1997,23.1,562,745,75.4,7466,1731,352,418,84.2,150,194,77.3,21,39,53.8,8,4.1,3.0,3.9,35,30,34,2,90
ENG-Premier League,1920,Leicester City,James Justin,ENG,"DF,MF",21,1998,11.2,665,820,81.1,9996,3251,372,405,91.9,243,288,84.4,39,78,50.0,1,1.0,0.5,0.0,12,47,11,6,56
ENG-Premier League,1920,Leicester City,James Maddison,ENG,MF,22,1996,29.2,1288,1709,75.4,23620,7098,561,640,87.7,512,611,83.8,170,346,49.1,3,6.4,6.5,-3.4,78,157,43,6,192
ENG-Premier League,1920,Leicester City,Jamie Vardy,ENG,FW,32,1987,33.7,323,478,67.6,4236,742,198,255,77.6,83,123,67.5,14,29,48.3,5,5.9,3.8,-0.9,31,12,24,4,44
ENG-Premier League,1920,Leicester City,Jonny Evans,NIR,DF,31,1988,37.6,2178,2518,86.5,43936,15190,618,680,90.9,1333,1454,91.7,219,354,61.9,1,0.7,0.7,0.3,8,131,3,1,157
ENG-Premier League,1920,Leicester City,Kasper Schmeichel,DEN,GK,32,1986,38.0,934,1198,78.0,25910,17114,134,136,98.5,475,481,98.8,324,572,56.6,0,0.5,0.0,-0.5,3,5,0,0,1
ENG-Premier League,1920,Leicester City,Kelechi Iheanacho,NGA,FW,22,1996,10.7,216,270,80.0,2709,555,138,156,88.5,48,62,77.4,8,10,80.0,3,2.6,1.2,0.4,15,12,8,0,29
ENG-Premier League,1920,Leicester City,Luke Thomas,ENG,"MF,DF",18,2001,3.0,154,196,78.6,2412,729,86,99,86.9,52,69,75.4,14,20,70.0,1,0.6,0.6,0.4,10,10,9,8,13
ENG-Premier League,1920,Leicester City,Marc Albrighton,ENG,"MF,DF",29,1989,9.6,339,499,67.9,5532,2035,179,216,82.9,110,145,75.9,36,97,37.1,3,2.2,1.6,0.8,19,39,21,8,45
ENG-Premier League,1920,Leicester City,Matty James,ENG,MF,28,1991,0.1,5,5,100.0,83,30,3,3,100.0,2,2,100.0,0,0,,0,0.0,0.0,0.0,0,0,0,0,1
ENG-Premier League,1920,Leicester City,Nampalys Mendy,SEN,MF,27,1992,3.2,192,212,90.6,3013,684,95,102,93.1,74,80,92.5,13,17,76.5,0,0.1,0.1,-0.1,3,16,1,1,13
ENG-Premier League,1920,Leicester City,Ricardo Pereira,POR,DF,25,1993,28.0,1533,1948,78.7,23216,8673,829,936,88.6,587,733,80.1,79,154,51.3,2,3.8,3.0,-1.8,27,100,34,7,177
ENG-Premier League,1920,Leicester City,Ryan Bennett,ENG,DF,29,1990,3.7,179,227,78.9,3223,1383,74,80,92.5,85,106,80.2,16,32,50.0,0,0.0,0.0,0.0,0,24,0,0,13
ENG-Premier League,1920,Leicester City,Wes Morgan,JAM,DF,35,1984,4.8,218,247,88.3,3889,1171,77,87,88.5,127,137,92.7,12,16,75.0,0,0.0,0.0,0.0,0,1,0,0,3
ENG-Premier League,1920,Leicester City,Wilfred Ndidi,NGA,MF,22,1996,29.7,1421,1674,84.9,23571,5950,670,768,87.2,575,639,90.0,121,166,72.9,1,0.6,0.6,0.4,15,145,3,0,109
ENG-Premier League,1920,Leicester City,Youri Tielemans,BEL,MF,22,1997,31.4,1504,1885,79.8,25455,6845,705,804,87.7,569,679,83.8,155,258,60.1,6,4.5,3.8,1.5,52,170,40,6,215
ENG-Premier League,1920,Leicester City,Çağlar Söyüncü,TUR,DF,23,1996,33.7,2086,2342,89.1,38202,13194,798,856,93.2,1094,1188,92.1,169,235,71.9,1,0.8,0.3,0.2,4,112,3,0,125
ENG-Premier League,1920,Liverpool,Adam Lallana,ENG,"MF,FW",31,1988,4.2,229,272,84.2,2865,728,152,166,91.6,57,66,86.4,6,13,46.2,1,0.6,0.3,0.4,4,24,3,0,23
ENG-Premier League,1920,Liverpool,Adrián,ESP,GK,32,1987,9.7,238,311,76.5,6251,4149,48,48,100.0,112,113,99.1,78,148,52.7,0,0.0,0.0,0.0,0,3,0,0,0
ENG-Premier League,1920,Liverpool,Alex Oxlade-Chamberlain,ENG,"MF,FW",25,1993,16.5,596,758,78.6,10257,2209,289,332,87.0,220,271,81.2,66,99,66.7,1,1.1,1.5,-0.1,17,77,26,7,97
ENG-Premier League,1920,Liverpool,Alisson,BRA,GK,26,1992,28.3,820,947,86.6,19608,12630,204,204,100.0,414,424,97.6,199,314,63.4,1,0.3,0.0,0.7,1,7,0,0,1
ENG-Premier League,1920,Liverpool,Andrew Robertson,SCO,DF,25,1994,34.6,2391,2996,79.8,37653,11408,1298,1441,90.1,874,1072,81.5,153,313,48.9,12,7.5,5.9,4.5,60,166,56,23,219
ENG-Premier League,1920,Liverpool,Curtis Jones,ENG,MF,18,2001,1.4,107,123,87.0,1491,355,58,65,89.2,36,41,87.8,5,6,83.3,0,0.0,0.1,0.0,0,11,1,0,9
ENG-Premier League,1920,Liverpool,Dejan Lovren,CRO,DF,30,1989,8.6,569,683,83.3,10756,3676,199,229,86.9,321,348,92.2,46,94,48.9,1,0.3,0.4,0.7,1,34,4,0,46
ENG-Premier League,1920,Liverpool,Divock Origi,BEL,FW,24,1995,8.0,143,216,66.2,1986,254,85,114,74.6,36,52,69.2,11,25,44.0,1,0.8,0.3,0.2,8,3,8,2,12
ENG-Premier League,1920,Liverpool,Fabinho,BRA,MF,25,1993,23.1,1381,1593,86.7,23882,5652,588,641,91.7,647,731,88.5,107,153,69.9,3,1.6,1.4,1.4,19,129,19,3,129
ENG-Premier League,1920,Liverpool,Georginio Wijnaldum,NED,MF,28,1990,32.6,1492,1646,90.6,21792,4301,849,914,92.9,511,544,93.9,67,79,84.8,0,0.8,1.6,-0.8,18,131,23,1,137
ENG-Premier League,1920,Liverpool,Harvey Elliott,ENG,DF,16,2003,0.1,11,15,73.3,159,29,9,10,90.0,1,4,25.0,1,1,100.0,0,0.0,0.0,0.0,0,3,1,0,2
ENG-Premier League,1920,Liverpool,James Milner,ENG,"MF,DF",33,1986,10.4,682,804,84.8,11931,3146,317,341,93.0,282,318,88.7,73,109,67.0,2,0.7,1.1,1.3,10,65,8,1,71
ENG-Premier League,1920,Liverpool,Joe Gomez,ENG,DF,22,1997,22.3,1766,2015,87.6,34423,10715,565,632,89.4,1008,1072,94.0,176,277,63.5,0,0.2,0.4,-0.2,5,107,10,3,115
ENG-Premier League,1920,Liverpool,Jordan Henderson,ENG,MF,29,1990,24.9,1593,1933,82.4,28191,7061,692,759,91.2,653,769,84.9,187,289,64.7,5,3.1,3.6,1.9,24,173,31,7,197
ENG-Premier League,1920,Liverpool,Joël Matip,CMR,DF,27,1991,7.8,470,558,84.2,9060,3178,147,171,86.0,282,303,93.1,34,71,47.9,0,0.0,0.2,0.0,1,43,2,0,36
ENG-Premier League,1920,Liverpool,Mohamed Salah,EGY,FW,27,1992,32.0,767,1035,74.1,9757,2321,463,563,82.2,211,273,77.3,26,57,45.6,10,7.8,6.9,2.2,60,41,57,3,91
ENG-Premier League,1920,Liverpool,Naby Keïta,GUI,MF,24,1995,9.1,605,690,87.7,8228,2134,382,409,93.4,174,200,87.0,25,37,67.6,3,2.7,2.0,0.3,15,80,16,0,69
ENG-Premier League,1920,Liverpool,Neco Williams,WAL,DF,18,2001,2.6,170,213,79.8,2824,600,90,97,92.8,62,77,80.5,15,28,53.6,0,0.1,0.2,-0.1,2,6,3,2,9
ENG-Premier League,1920,Liverpool,Roberto Firmino,BRA,FW,27,1991,33.2,941,1189,79.1,12229,3146,568,680,83.5,245,293,83.6,39,47,83.0,8,6.5,4.0,1.5,52,74,31,1,111
ENG-Premier League,1920,Liverpool,Sadio Mané,SEN,FW,27,1992,30.5,923,1170,78.9,13179,3117,536,628,85.4,260,327,79.5,64,90,71.1,7,6.6,5.2,0.4,59,67,72,7,128
ENG-Premier League,1920,Liverpool,Takumi Minamino,JPN,"FW,MF",24,1995,2.8,96,108,88.9,1240,174,59,64,92.2,28,30,93.3,4,6,66.7,0,0.0,0.1,0.0,1,4,3,1,4
ENG-Premier League,1920,Liverpool,Trent Alexander-Arnold,ENG,DF,20,1998,35.3,2278,3230,70.5,43250,16071,993,1095,90.7,912,1250,73.0,315,700,45.0,13,10.9,9.7,2.1,87,190,88,31,247
ENG-Premier League,1920,Liverpool,Virgil van Dijk,NED,DF,28,1991,38.0,2919,3276,89.1,58361,19539,914,988,92.5,1638,1740,94.1,331,487,68.0,1,1.3,1.5,-0.3,7,182,9,0,170
ENG-Premier League,1920,Liverpool,Xherdan Shaqiri,SUI,"FW,MF",27,1991,2.1,89,110,80.9,1423,465,52,57,91.2,23,27,85.2,10,15,66.7,0,0.2,0.3,-0.2,3,10,6,1,18
ENG-Premier League,1920,Manchester City,Angeliño,ESP,DF,22,1997,4.7,333,429,77.6,5053,1272,178,201,88.6,131,169,77.5,16,36,44.4,0,1.5,1.1,-1.5,9,30,16,9,41
ENG-Premier League,1920,Manchester City,Aymeric Laporte,ESP,DF,25,1994,12.2,1067,1153,92.5,20092,6860,382,400,95.5,559,582,96.0,111,144,77.1,0,0.1,0.5,-0.1,3,116,2,0,112
ENG-Premier League,1920,Manchester City,Benjamin Mendy,FRA,DF,25,1994,16.6,1107,1309,84.6,16971,4228,595,648,91.8,403,465,86.7,68,109,62.4,2,1.4,1.4,0.6,20,53,32,13,87
ENG-Premier League,1920,Manchester City,Bernardo Silva,POR,"FW,MF",24,1994,22.6,1284,1474,87.1,18560,3600,757,815,92.9,397,454,87.4,72,94,76.6,7,5.0,6.1,2.0,51,60,39,10,122
ENG-Premier League,1920,Manchester City,Claudio Bravo,CHI,GK,36,1983,3.9,107,136,78.7,2579,1755,32,33,97.0,48,49,98.0,27,54,50.0,0,0.0,0.0,0.0,0,0,0,0,0
ENG-Premier League,1920,Manchester City,David Silva,ESP,MF,33,1986,20.3,1332,1527,87.2,18239,3835,789,859,91.9,425,478,88.9,43,57,75.4,10,6.5,5.5,3.5,48,89,51,1,203
ENG-Premier League,1920,Manchester City,Ederson,BRA,GK,25,1993,34.1,949,1082,87.7,21002,13346,276,277,99.6,481,487,98.8,190,312,60.9,0,0.1,0.2,-0.1,1,10,0,0,0
ENG-Premier League,1920,Manchester City,Eric García,ESP,DF,18,2001,8.8,680,731,93.0,12072,3791,272,291,93.5,355,368,96.5,45,54,83.3,0,0.2,0.1,-0.2,2,38,1,1,53
ENG-Premier League,1920,Manchester City,Fernandinho,BRA,DF,34,1985,26.6,2008,2244,89.5,38469,14037,719,773,93.0,1075,1146,93.8,195,272,71.7,1,0.4,1.0,0.6,8,214,12,0,213
ENG-Premier League,1920,Manchester City,Gabriel Jesus,BRA,FW,22,1997,22.6,533,620,86.0,6474,797,333,361,92.2,111,126,88.1,23,29,79.3,7,3.2,2.3,3.8,32,21,12,1,37
ENG-Premier League,1920,Manchester City,John Stones,ENG,DF,25,1994,12.5,977,1039,94.0,18402,6085,346,360,96.1,518,543,95.4,96,104,92.3,0,0.1,0.2,-0.1,2,75,0,0,83
ENG-Premier League,1920,Manchester City,João Cancelo,POR,DF,25,1994,13.4,1015,1157,87.7,15522,4054,569,614,92.7,352,401,87.8,67,92,72.8,0,2.8,1.9,-2.8,17,87,22,5,105
ENG-Premier League,1920,Manchester City,Kevin De Bruyne,BEL,MF,28,1991,31.0,1665,2261,73.6,29420,8949,799,932,85.7,592,781,75.8,210,372,56.5,20,20.0,14.6,0.0,136,159,111,16,280
ENG-Premier League,1920,Manchester City,Kyle Walker,ENG,DF,29,1990,26.6,1901,2187,86.9,33234,7080,879,938,93.7,771,868,88.8,199,262,76.0,4,1.5,2.9,2.5,18,203,24,8,194
ENG-Premier League,1920,Manchester City,Leroy Sané,GER,FW,23,1996,0.1,6,7,85.7,92,21,3,4,75.0,3,3,100.0,0,0,,0,0.0,0.0,0.0,0,0,0,0,1
ENG-Premier League,1920,Manchester City,Nicolás Otamendi,ARG,DF,31,1988,19.1,1420,1539,92.3,27076,8220,470,499,94.2,811,851,95.3,126,160,78.8,0,0.2,0.3,-0.2,4,54,0,0,78
ENG-Premier League,1920,Manchester City,Oleksandr Zinchenko,UKR,DF,22,1996,14.2,1214,1371,88.5,18167,4390,666,718,92.8,446,504,88.5,56,78,71.8,0,1.5,1.6,-1.5,20,96,29,11,114
ENG-Premier League,1920,Manchester City,Phil Foden,ENG,"FW,MF",19,2000,10.0,446,528,84.5,6109,1111,273,298,91.6,108,133,81.2,27,40,67.5,2,1.2,1.5,0.8,18,24,11,2,49
ENG-Premier League,1920,Manchester City,Raheem Sterling,ENG,FW,24,1994,29.5,984,1231,79.9,11590,2334,685,760,90.1,208,278,74.8,18,34,52.9,1,6.2,6.2,-5.2,48,29,49,4,100
ENG-Premier League,1920,Manchester City,Riyad Mahrez,ALG,"FW,MF",28,1991,21.6,1015,1200,84.6,16034,3623,546,589,92.7,314,377,83.3,102,139,73.4,9,10.0,7.3,-1.0,60,43,73,4,120
ENG-Premier League,1920,Manchester City,Rodri,ESP,MF,23,1996,27.6,2400,2590,92.7,42557,10967,1051,1097,95.8,1032,1086,95.0,263,312,84.3,2,2.6,2.1,-0.6,34,223,19,2,232
ENG-Premier League,1920,Manchester City,Sergio Agüero,ARG,FW,31,1988,16.1,286,365,78.4,3050,674,186,218,85.3,60,76,78.9,2,5,40.0,3,2.3,2.5,0.7,18,15,19,0,34
ENG-Premier League,1920,Manchester City,Tommy Doyle,ENG,MF,17,2001,0.2,20,20,100.0,305,29,11,11,100.0,6,6,100.0,2,2,100.0,0,0.0,0.0,0.0,0,0,0,0,0
ENG-Premier League,1920,Manchester City,İlkay Gündoğan,GER,MF,28,1990,22.4,1808,1990,90.9,28970,6374,956,1018,93.9,615,654,94.0,163,202,80.7,1,2.1,3.3,-1.1,33,180,31,2,202
ENG-Premier League,1920,Manchester Utd,Aaron Wan-Bissaka,ENG,DF,21,1997,34.1,1673,2128,78.6,22117,8018,1083,1214,89.2,473,620,76.3,43,107,40.2,4,3.0,3.1,1.0,25,102,21,9,134
ENG-Premier League,1920,Manchester Utd,Andreas Pereira,BRA,"MF,FW",23,1996,16.5,569,780,72.9,8948,2634,298,347,85.9,202,259,78.0,47,108,43.5,3,4.0,2.9,-1.0,32,61,15,4,89
ENG-Premier League,1920,Manchester Utd,Angel Gomes,ENG,MF,18,2000,0.2,11,13,84.6,214,85,4,5,80.0,4,5,80.0,2,2,100.0,0,0.1,0.2,-0.1,2,3,3,0,4
ENG-Premier League,1920,Manchester Utd,Anthony Martial,FRA,FW,23,1995,29.2,580,731,79.3,7220,1694,349,395,88.4,160,196,81.6,16,22,72.7,6,4.4,3.7,1.6,30,37,37,2,82
ENG-Premier League,1920,Manchester Utd,Ashley Young,ENG,DF,34,1985,10.6,573,752,76.2,9882,3842,294,325,90.5,208,265,78.5,60,129,46.5,0,1.5,1.6,-1.5,19,57,10,2,72
ENG-Premier League,1920,Manchester Utd,Axel Tuanzebe,COD,DF,21,1997,2.1,132,149,88.6,2097,517,72,79,91.1,44,47,93.6,12,16,75.0,0,0.0,0.0,0.0,0,6,0,0,8
ENG-Premier League,1920,Manchester Utd,Brandon Williams,ENG,DF,18,2000,11.2,530,638,83.1,7642,2259,330,367,89.9,159,189,84.1,30,55,54.5,0,0.6,0.7,-0.6,13,30,16,3,44
ENG-Premier League,1920,Manchester Utd,Bruno Fernandes,POR,MF,24,1994,13.2,607,861,70.5,10342,2939,319,369,86.4,199,276,72.1,71,152,46.7,7,2.5,2.3,4.5,30,66,25,2,110
ENG-Premier League,1920,Manchester Utd,Daniel James,WAL,FW,21,1997,25.4,568,802,70.8,7731,1669,358,425,84.2,149,210,71.0,24,52,46.2,6,3.9,2.6,2.1,26,34,26,7,60
ENG-Premier League,1920,Manchester Utd,David de Gea,ESP,GK,28,1990,38.0,736,941,78.2,16748,11389,213,215,99.1,370,376,98.4,150,344,43.6,0,0.0,0.0,0.0,0,5,0,0,0
ENG-Premier League,1920,Manchester Utd,Diogo Dalot,POR,"DF,MF",20,1999,0.7,51,67,76.1,735,170,29,33,87.9,17,23,73.9,2,7,28.6,0,0.0,0.0,0.0,0,2,0,0,3
ENG-Premier League,1920,Manchester Utd,Eric Bailly,CIV,DF,25,1994,1.7,70,78,89.7,1196,470,27,29,93.1,38,40,95.0,5,7,71.4,0,0.0,0.0,0.0,0,2,0,0,4
ENG-Premier League,1920,Manchester Utd,Fred,BRA,MF,26,1993,24.0,1482,1742,85.1,26846,7368,640,703,91.0,599,665,90.1,196,273,71.8,0,2.1,2.1,-2.1,35,142,14,3,158
ENG-Premier League,1920,Manchester Utd,Harry Maguire,ENG,DF,26,1993,38.0,2192,2535,86.5,43932,13715,690,777,88.8,1193,1298,91.9,286,408,70.1,1,1.4,0.8,-0.4,16,163,0,0,171
ENG-Premier League,1920,Manchester Utd,James Garner,ENG,MF,18,2001,0.1,14,14,100.0,206,24,9,9,100.0,4,4,100.0,1,1,100.0,0,0.0,0.0,0.0,0,1,0,0,0
ENG-Premier League,1920,Manchester Utd,Jesse Lingard,ENG,"MF,FW",26,1992,10.4,350,408,85.8,4646,903,203,224,90.6,109,125,87.2,12,17,70.6,0,1.0,0.6,-1.0,20,38,7,0,45
ENG-Premier League,1920,Manchester Utd,Juan Mata,ESP,"MF,FW",31,1988,8.4,459,543,84.5,6656,1554,275,288,95.5,120,150,80.0,36,52,69.2,2,2.1,2.5,-0.1,18,40,23,3,64
ENG-Premier League,1920,Manchester Utd,Luke Shaw,ENG,DF,24,1995,19.3,1125,1317,85.4,15075,5222,716,783,91.4,348,406,85.7,26,63,41.3,0,1.4,1.7,-1.4,20,73,25,5,122
ENG-Premier League,1920,Manchester Utd,Marcos Rojo,ARG,DF,29,1990,1.4,40,60,66.7,693,320,16,18,88.9,21,29,72.4,2,10,20.0,0,0.0,0.0,0.0,0,2,0,0,6
ENG-Premier League,1920,Manchester Utd,Marcus Rashford,ENG,FW,21,1997,29.4,745,989,75.3,10954,2747,421,527,79.9,228,276,82.6,49,88,55.7,7,5.0,4.5,2.0,33,48,61,3,124
ENG-Premier League,1920,Manchester Utd,Mason Greenwood,ENG,FW,17,2001,14.7,427,506,84.4,5924,1034,257,287,89.5,122,137,89.1,23,35,65.7,1,1.0,1.1,0.0,14,18,10,0,37
ENG-Premier League,1920,Manchester Utd,Nemanja Matić,SRB,MF,30,1988,17.6,1106,1273,86.9,18157,5264,543,583,93.1,437,482,90.7,87,130,66.9,2,0.7,0.9,1.3,15,120,11,2,121
ENG-Premier League,1920,Manchester Utd,Odion Ighalo,NGA,FW,30,1989,1.1,22,25,88.0,276,34,15,17,88.2,7,7,100.0,0,0,,0,0.1,0.0,-0.1,2,0,1,0,2
ENG-Premier League,1920,Manchester Utd,Paul Pogba,FRA,MF,26,1993,13.4,885,1045,84.7,16108,4680,419,470,89.1,324,359,90.3,117,155,75.5,3,2.5,2.7,0.5,30,115,22,1,111
ENG-Premier League,1920,Manchester Utd,Phil Jones,ENG,DF,27,1992,1.5,82,99,82.8,1324,458,40,46,87.0,38,44,86.4,4,7,57.1,0,0.0,0.0,0.0,0,6,0,0,7
ENG-Premier League,1920,Manchester Utd,Scott McTominay,SCO,MF,22,1996,19.7,822,1028,80.0,14868,4007,352,422,83.4,340,401,84.8,103,143,72.0,1,1.0,1.3,0.0,16,92,11,3,95
ENG-Premier League,1920,Manchester Utd,Tahith Chong,NED,"FW,DF",19,1999,0.4,9,14,64.3,125,23,6,9,66.7,3,4,75.0,0,0,,0,0.0,0.0,0.0,0,1,0,0,0
ENG-Premier League,1920,Manchester Utd,Timothy Fosu-Mensah,NED,DF,21,1998,1.5,60,73,82.2,954,239,27,33,81.8,21,26,80.8,6,7,85.7,0,0.1,0.0,-0.1,2,2,1,1,4
ENG-Premier League,1920,Manchester Utd,Victor Lindelöf,SWE,DF,25,1994,34.4,1824,2114,86.3,33116,11930,692,752,92.0,954,1038,91.9,145,256,56.6,0,0.3,0.5,-0.3,4,84,2,0,111
ENG-Premier League,1920,Newcastle Utd,Allan Saint-Maximin,FRA,"MF,FW",22,1997,20.7,353,485,72.8,5433,1190,209,246,85.0,87,123,70.7,34,56,60.7,4,3.3,3.1,0.7,33,22,14,3,49
ENG-Premier League,1920,Newcastle Utd,Andy Carroll,ENG,FW,30,1989,7.0,129,214,60.3,1824,420,75,104,72.1,34,61,55.7,10,17,58.8,4,1.4,0.4,2.6,12,9,8,2,17
ENG-Premier League,1920,Newcastle Utd,Christian Atsu,GHA,"MF,FW",27,1992,8.3,167,218,76.6,2225,540,95,109,87.2,40,51,78.4,10,21,47.6,3,1.3,0.9,1.7,13,5,10,5,16
ENG-Premier League,1920,Newcastle Utd,Ciaran Clark,IRL,DF,29,1989,13.2,260,337,77.2,4560,1877,100,116,86.2,116,146,79.5,29,55,52.7,0,0.0,0.0,0.0,1,14,2,0,16
ENG-Premier League,1920,Newcastle Utd,Danny Rose,ENG,DF,29,1990,9.6,322,422,76.3,4481,1677,188,205,91.7,105,140,75.0,11,40,27.5,0,0.2,0.3,-0.2,3,16,3,2,32
ENG-Premier League,1920,Newcastle Utd,DeAndre Yedlin,USA,DF,26,1993,10.4,222,315,70.5,3064,1181,139,161,86.3,38,69,55.1,23,47,48.9,0,0.3,0.5,-0.3,7,9,8,6,14
ENG-Premier League,1920,Newcastle Utd,Dwight Gayle,ENG,FW,28,1990,9.4,103,151,68.2,1269,199,70,94,74.5,16,25,64.0,6,12,50.0,2,0.8,0.3,1.2,6,6,1,1,7
ENG-Premier League,1920,Newcastle Utd,Emil Krafth,SWE,DF,24,1994,11.3,305,418,73.0,4680,2168,158,182,86.8,118,165,71.5,18,38,47.4,1,0.6,0.6,0.4,1,18,3,1,19
ENG-Premier League,1920,Newcastle Utd,Fabian Schär,SUI,"DF,MF",27,1991,18.6,590,804,73.4,12400,5435,226,261,86.6,228,275,82.9,120,228,52.6,0,0.1,0.2,-0.1,4,59,3,0,53
ENG-Premier League,1920,Newcastle Utd,Federico Fernández,ARG,DF,30,1989,29.1,929,1246,74.6,17988,7703,354,415,85.3,428,529,80.9,127,246,51.6,2,1.2,0.5,0.8,4,40,6,4,43
ENG-Premier League,1920,Newcastle Utd,Florian Lejeune,FRA,DF,28,1991,4.9,148,216,68.5,2641,1074,66,82,80.5,67,81,82.7,12,41,29.3,0,0.0,0.0,0.0,1,3,0,0,7
ENG-Premier League,1920,Newcastle Utd,Isaac Hayden,ENG,MF,24,1995,24.7,645,853,75.6,9410,2242,368,441,83.4,213,258,82.6,31,65,47.7,2,2.3,1.1,-0.3,15,37,12,7,52
ENG-Premier League,1920,Newcastle Utd,Jamaal Lascelles,ENG,DF,25,1993,23.1,676,851,79.4,13098,3863,223,270,82.6,358,421,85.0,79,119,66.4,0,0.2,0.1,-0.2,2,24,1,0,21
ENG-Premier League,1920,Newcastle Utd,Javier Manquillo,ESP,DF,25,1994,17.8,448,642,69.8,6617,2523,245,289,84.8,155,227,68.3,24,68,35.3,1,0.2,0.3,0.8,5,24,7,4,28
ENG-Premier League,1920,Newcastle Utd,Jetro Willems,NED,DF,25,1994,16.6,405,585,69.2,6268,2963,215,252,85.3,154,239,64.4,21,51,41.2,2,0.9,0.9,1.1,15,29,13,2,43
ENG-Premier League,1920,Newcastle Utd,Joelinton,BRA,FW,22,1996,29.8,637,835,76.3,7959,1525,416,502,82.9,137,185,74.1,27,35,77.1,2,2.9,1.8,-0.9,30,38,13,2,56
ENG-Premier League,1920,Newcastle Utd,Jonjo Shelvey,ENG,MF,27,1992,23.5,827,1149,72.0,17762,6086,308,357,86.3,325,402,80.8,178,335,53.1,2,3.6,2.6,-1.6,45,123,20,6,124
ENG-Premier League,1920,Newcastle Utd,Kelland Watts,ENG,DF,19,1999,0.2,1,3,33.3,14,0,1,1,100.0,0,0,,0,2,0.0,0,0.0,0.0,0.0,0,0,0,0,0
ENG-Premier League,1920,Newcastle Utd,Ki Sung-yueng,KOR,MF,30,1989,1.5,63,71,88.7,1166,277,30,33,90.9,21,21,100.0,10,13,76.9,0,0.1,0.1,-0.1,2,4,0,0,6
ENG-Premier League,1920,Newcastle Utd,Martin Dúbravka,SVK,GK,30,1989,38.0,609,1097,55.5,23225,19598,62,62,100.0,206,210,98.1,340,814,41.8,0,0.0,0.1,0.0,0,12,1,0,0
ENG-Premier League,1920,Newcastle Utd,Matt Ritchie,SCO,"DF,MF",29,1989,14.6,480,701,68.5,7937,3062,244,273,89.4,150,214,70.1,55,149,36.9,1,2.3,1.7,-1.3,32,36,15,7,52
ENG-Premier League,1920,Newcastle Utd,Matthew Longstaff,ENG,MF,19,2000,6.4,206,258,79.8,3126,654,112,125,89.6,67,83,80.7,13,23,56.5,0,0.4,0.3,-0.4,3,13,5,1,17
ENG-Premier League,1920,Newcastle Utd,Miguel Almirón,PAR,"MF,FW",25,1994,33.6,681,884,77.0,9262,2156,396,457,86.7,192,248,77.4,37,65,56.9,2,3.0,1.9,-1.0,31,40,21,5,77
ENG-Premier League,1920,Newcastle Utd,Nabil Bentaleb,ALG,MF,24,1994,8.3,348,409,85.1,6053,1163,145,161,90.1,149,170,87.6,38,48,79.2,0,0.2,0.2,-0.2,8,29,2,0,19
ENG-Premier League,1920,Newcastle Utd,Paul Dummett,WAL,DF,27,1991,13.6,359,506,70.9,5789,2765,181,204,88.7,135,170,79.4,31,95,32.6,0,0.2,0.2,-0.2,4,31,4,2,31
ENG-Premier League,1920,Newcastle Utd,Sean Longstaff,ENG,MF,21,1997,15.3,509,666,76.4,8654,2264,239,282,84.8,186,221,84.2,56,106,52.8,1,1.2,0.7,-0.2,15,37,5,1,33
ENG-Premier League,1920,Newcastle Utd,Valentino Lazaro,AUT,"DF,MF",23,1996,5.3,157,197,79.7,2316,877,86,95,90.5,50,59,84.7,10,27,37.0,0,0.2,0.2,-0.2,6,5,3,1,7
ENG-Premier League,1920,Newcastle Utd,Yoshinori Mutō,JPN,"MF,FW",27,1992,2.4,27,33,81.8,290,91,12,13,92.3,6,7,85.7,1,2,50.0,0,0.0,0.0,0.0,1,2,1,0,5
ENG-Premier League,1920,Norwich City,Adam Idah,IRL,"FW,MF",18,2001,2.5,36,49,73.5,385,61,27,30,90.0,5,7,71.4,1,2,50.0,0,0.0,0.1,0.0,1,2,0,0,2
ENG-Premier League,1920,Norwich City,Akin Famewo,ENG,MF,20,1998,0.0,0,0,,0,0,0,0,,0,0,,0,0,,0,0.0,0.0,0.0,0,0,0,0,0
ENG-Premier League,1920,Norwich City,Alexander Tettey,NOR,"MF,DF",33,1986,26.0,1142,1299,87.9,17374,4412,603,658,91.6,439,476,92.2,58,94,61.7,1,0.5,0.6,0.5,5,63,4,1,54
ENG-Premier League,1920,Norwich City,Ben Godfrey,ENG,DF,21,1998,29.4,1470,1675,87.8,27514,8885,577,614,94.0,726,786,92.4,151,234,64.5,0,0.1,0.5,-0.1,3,64,2,0,76
ENG-Premier League,1920,Norwich City,Christoph Zimmermann,GER,DF,26,1993,15.9,525,664,79.1,10202,4094,187,204,91.7,263,297,88.6,66,137,48.2,1,0.1,0.1,0.9,2,25,1,0,33
ENG-Premier League,1920,Norwich City,Dennis Srbeny,GER,"MF,FW",25,1994,0.5,13,18,72.2,134,12,12,16,75.0,1,1,100.0,0,0,,0,0.0,0.0,0.0,0,1,0,0,1
ENG-Premier League,1920,Norwich City,Emi Buendía,ARG,"FW,MF",22,1996,27.4,1188,1604,74.1,18941,6656,662,772,85.8,307,401,76.6,154,284,54.2,7,6.8,6.2,0.2,83,155,56,4,194
ENG-Premier League,1920,Norwich City,Grant Hanley,SCO,DF,27,1991,14.0,545,661,82.5,10121,3168,210,228,92.1,272,305,89.2,54,106,50.9,0,0.0,0.0,0.0,0,18,0,0,17
ENG-Premier League,1920,Norwich City,Ibrahim Amadou,FRA,"DF,MF",26,1993,8.4,324,374,86.6,5896,1826,127,143,88.8,156,174,89.7,36,47,76.6,0,0.0,0.0,0.0,1,10,1,0,13
ENG-Premier League,1920,Norwich City,Jamal Lewis,NIR,DF,21,1998,25.6,1052,1333,78.9,15449,5416,614,701,87.6,369,442,83.5,44,104,42.3,0,1.0,1.2,-1.0,15,51,20,7,74
ENG-Premier League,1920,Norwich City,Jordan Thomas,ENG,FW,18,2001,0.0,0,0,,0,0,0,0,,0,0,,0,0,,0,0.0,0.0,0.0,0,0,0,0,0
ENG-Premier League,1920,Norwich City,Josh Martin,ENG,"FW,MF",17,2001,0.4,12,15,80.0,163,28,11,11,100.0,0,1,0.0,1,1,100.0,0,0.0,0.0,0.0,0,1,0,0,0
ENG-Premier League,1920,Norwich City,Josip Drmić,SUI,FW,26,1992,7.2,125,165,75.8,1474,163,81,98,82.7,26,33,78.8,3,10,30.0,0,1.1,0.2,-1.1,4,2,1,0,4
ENG-Premier League,1920,Norwich City,Kenny McLean,SCO,MF,27,1992,33.0,1362,1760,77.4,21339,7602,736,850,86.6,443,542,81.7,117,228,51.3,1,2.6,2.1,-1.6,24,158,16,3,173
ENG-Premier League,1920,Norwich City,Lukas Rupp,GER,"FW,MF",28,1991,7.7,205,272,75.4,2596,643,132,154,85.7,49,68,72.1,8,17,47.1,0,0.9,0.5,-0.9,8,11,3,0,18
ENG-Premier League,1920,Norwich City,Marco Stiepermann,GER,MF,28,1991,13.1,290,413,70.2,3532,1115,185,233,79.4,62,87,71.3,13,27,48.1,0,0.8,0.9,-0.8,12,34,8,0,46
ENG-Premier League,1920,Norwich City,Mario Vrančić,BIH,MF,30,1989,7.1,356,463,76.9,5530,1826,188,212,88.7,125,157,79.6,23,59,39.0,0,0.9,1.2,-0.9,7,44,7,0,62
ENG-Premier League,1920,Norwich City,Max Aarons,ENG,DF,19,2000,36.0,1332,1711,77.8,17879,5691,880,982,89.6,351,469,74.8,49,121,40.5,1,3.9,2.8,-2.9,23,55,28,12,78
ENG-Premier League,1920,Norwich City,Michael McGovern,NIR,GK,35,1984,1.8,30,51,58.8,610,437,14,14,100.0,8,8,100.0,6,27,22.2,0,0.0,0.0,0.0,0,0,0,0,0
ENG-Premier League,1920,Norwich City,Moritz Leitner,GER,MF,26,1992,7.6,498,579,86.0,7179,1732,293,314,93.3,143,161,88.8,31,52,59.6,0,0.3,0.5,-0.3,7,39,15,1,62
ENG-Premier League,1920,Norwich City,Ondrej Duda,SVK,MF,24,1994,8.0,295,382,77.2,4158,1077,177,204,86.8,62,80,77.5,27,54,50.0,0,1.5,1.3,-1.5,16,15,9,2,25
ENG-Premier League,1920,Norwich City,Onel Hernández,CUB,"FW,MF",26,1993,15.4,247,345,71.6,2999,553,158,188,84.0,69,94,73.4,1,14,7.1,2,0.9,1.0,1.1,19,6,10,1,22
ENG-Premier League,1920,Norwich City,Patrick Roberts,ENG,"FW,MF",22,1997,0.3,6,9,66.7,100,29,4,5,80.0,1,1,100.0,1,3,33.3,0,0.0,0.0,0.0,0,0,0,0,2
ENG-Premier League,1920,Norwich City,Ralf Fährmann,GER,GK,30,1988,0.2,7,10,70.0,94,38,6,6,100.0,1,2,50.0,0,2,0.0,0,0.0,0.0,0.0,0,0,0,0,0
ENG-Premier League,1920,Norwich City,Sam Byram,ENG,DF,25,1993,14.4,609,771,79.0,8069,2654,398,446,89.2,167,218,76.6,20,54,37.0,0,0.4,0.6,-0.4,6,24,3,1,41
ENG-Premier League,1920,Norwich City,Teemu Pukki,FIN,FW,29,1990,32.1,424,539,78.7,5017,546,278,318,87.4,105,134,78.4,4,10,40.0,3,3.8,2.8,-0.8,30,11,4,0,22
ENG-Premier League,1920,Norwich City,Tim Krul,NED,GK,31,1988,36.0,1084,1583,68.5,29495,20355,168,170,98.8,564,578,97.6,352,828,42.5,0,0.0,0.0,0.0,0,5,0,0,1
ENG-Premier League,1920,Norwich City,Timm Klose,SUI,DF,31,1988,6.5,336,399,84.2,6321,1941,116,137,84.7,185,198,93.4,29,51,56.9,0,0.0,0.0,0.0,0,9,1,0,17
ENG-Premier League,1920,Norwich City,Todd Cantwell,ENG,"FW,MF",21,1998,27.7,886,1110,79.8,11726,2625,560,627,89.3,206,263,78.3,45,84,53.6,2,1.9,1.1,0.1,35,76,21,0,99
ENG-Premier League,1920,Norwich City,Tom Trybull,GER,MF,26,1993,12.6,566,615,92.0,8879,2697,313,329,95.1,196,213,92.0,42,46,91.3,0,0.1,0.1,-0.1,3,34,0,0,33
ENG-Premier League,1920,Sheffield Utd,Ben Osborn,ENG,"MF,DF",24,1994,6.6,176,258,68.2,2571,661,105,125,84.0,47,69,68.1,13,36,36.1,0,0.9,0.6,-0.9,7,10,4,2,25
ENG-Premier League,1920,Sheffield Utd,Billy Sharp,ENG,FW,33,1986,11.7,158,224,70.5,2078,383,101,125,80.8,50,68,73.5,3,6,50.0,2,2.3,1.1,-0.3,14,3,9,1,22
ENG-Premier League,1920,Sheffield Utd,Callum Robinson,IRL,"FW,MF",24,1995,7.5,120,154,77.9,1730,243,71,78,91.0,37,46,80.4,7,16,43.8,1,0.4,0.6,0.6,4,7,3,1,10
ENG-Premier League,1920,Sheffield Utd,Chris Basham,ENG,DF,31,1988,36.0,1091,1546,70.6,18241,6389,531,614,86.5,434,638,68.0,91,198,46.0,1,1.3,1.3,-0.3,12,83,8,4,82
ENG-Premier League,1920,Sheffield Utd,David McGoldrick,IRL,FW,31,1987,20.2,461,629,73.3,6828,1106,269,327,82.3,151,202,74.8,25,44,56.8,2,2.3,1.3,-0.3,17,29,11,3,43
ENG-Premier League,1920,Sheffield Utd,Dean Henderson,ENG,GK,22,1997,36.0,448,1045,42.9,20541,18372,32,32,100.0,106,109,97.2,309,898,34.4,0,0.0,0.1,0.0,1,49,1,0,0
ENG-Premier League,1920,Sheffield Utd,Enda Stevens,IRL,DF,29,1990,37.2,1383,1902,72.7,21879,8369,785,905,86.7,465,626,74.3,107,246,43.5,4,5.3,4.2,-1.3,34,110,46,12,174
ENG-Premier League,1920,Sheffield Utd,George Baldock,GRE,DF,26,1993,38.0,1143,1522,75.1,15916,5444,719,795,90.4,323,417,77.5,55,162,34.0,3,1.7,2.3,1.3,23,66,46,30,103
ENG-Premier League,1920,Sheffield Utd,Jack O'Connell,ENG,DF,25,1994,32.4,1214,1683,72.1,22777,9736,540,617,87.5,499,637,78.3,152,348,43.7,1,3.1,2.4,-2.1,16,113,25,7,131
ENG-Premier League,1920,Sheffield Utd,Jack Robinson,ENG,DF,25,1993,5.6,203,274,74.1,3824,1621,75,82,91.5,102,127,80.3,19,50,38.0,0,0.2,0.1,-0.2,2,21,1,1,17
ENG-Premier League,1920,Sheffield Utd,Jack Rodwell,ENG,MF,28,1991,0.2,2,2,100.0,35,5,1,1,100.0,1,1,100.0,0,0,,0,0.0,0.0,0.0,0,0,0,0,0
ENG-Premier League,1920,Sheffield Utd,John Egan,IRL,DF,26,1992,35.4,1040,1302,79.9,22170,7127,298,349,85.4,556,644,86.3,177,279,63.4,0,0.4,0.5,-0.4,1,56,1,0,66
ENG-Premier League,1920,Sheffield Utd,John Fleck,SCO,MF,27,1991,28.0,842,1164,72.3,13437,4460,427,494,86.4,268,342,78.4,89,198,44.9,2,3.4,3.4,-1.4,39,105,35,7,139
ENG-Premier League,1920,Sheffield Utd,John Lundstram,ENG,MF,25,1994,27.3,987,1245,79.3,17119,3711,515,604,85.3,329,383,85.9,119,179,66.5,3,3.4,2.2,-0.4,21,70,31,8,122
ENG-Premier League,1920,Sheffield Utd,Kieron Freeman,WAL,FW,27,1992,0.1,1,1,100.0,5,3,0,0,,0,0,,0,0,,0,0.0,0.0,0.0,0,0,0,0,0
ENG-Premier League,1920,Sheffield Utd,Leon Clarke,ENG,"FW,MF",34,1985,0.4,4,6,66.7,51,7,3,5,60.0,1,1,100.0,0,0,,0,0.0,0.0,0.0,0,0,0,0,0
ENG-Premier League,1920,Sheffield Utd,Luke Freeman,ENG,MF,27,1992,4.1,112,148,75.7,1479,478,72,80,90.0,26,34,76.5,7,16,43.8,0,0.2,0.6,-0.2,3,11,6,3,20
ENG-Premier League,1920,Sheffield Utd,Lys Mousset,FRA,FW,23,1996,13.8,170,246,69.1,2052,298,118,148,79.7,43,57,75.4,3,7,42.9,4,3.2,1.2,0.8,12,8,5,1,13
ENG-Premier League,1920,Sheffield Utd,Muhamed Bešić,BIH,MF,26,1992,2.8,84,107,78.5,1285,280,50,58,86.2,23,28,82.1,7,12,58.3,0,0.1,0.0,-0.1,1,6,1,0,11
ENG-Premier League,1920,Sheffield Utd,Oliver McBurnie,SCO,FW,23,1996,23.5,376,633,59.4,4833,1277,245,376,65.2,99,157,63.1,9,16,56.3,0,1.1,1.8,-1.1,10,38,10,1,58
ENG-Premier League,1920,Sheffield Utd,Oliver Norwood,NIR,MF,28,1991,34.3,1710,2222,77.0,36359,11716,591,666,88.7,744,864,86.1,346,605,57.2,1,4.3,4.7,-3.3,48,231,29,12,258
ENG-Premier League,1920,Sheffield Utd,Phil Jagielka,ENG,DF,36,1982,2.7,61,80,76.3,1138,398,26,31,83.9,28,35,80.0,7,11,63.6,0,0.0,0.0,0.0,0,2,1,1,4
ENG-Premier League,1920,Sheffield Utd,Ravel Morrison,JAM,MF,26,1993,0.1,5,6,83.3,46,25,4,4,100.0,0,0,,0,0,,0,0.0,0.0,0.0,0,2,0,0,1
ENG-Premier League,1920,Sheffield Utd,Richairo Živković,CUW,FW,22,1996,1.2,17,19,89.5,215,19,11,12,91.7,5,6,83.3,0,0,,0,0.1,0.2,-0.1,2,0,1,1,1
ENG-Premier League,1920,Sheffield Utd,Sander Berge,NOR,MF,21,1998,10.5,298,392,76.0,4903,1051,124,158,78.5,135,158,85.4,24,38,63.2,1,0.6,0.9,0.4,2,33,8,2,52
ENG-Premier League,1920,Sheffield Utd,Simon Moore,ENG,GK,29,1990,2.0,19,48,39.6,823,708,1,1,100.0,8,8,100.0,10,39,25.6,0,0.0,0.0,0.0,0,0,0,0,0
ENG-Premier League,1920,Southampton,Alex McCarthy,ENG,GK,29,1989,28.0,459,826,55.6,16346,13880,66,67,98.5,154,160,96.3,238,590,40.3,0,0.0,0.1,0.0,1,22,1,0,1
ENG-Premier League,1920,Southampton,Angus Gunn,SCO,GK,23,1996,10.0,114,258,44.2,3506,2767,32,32,100.0,36,38,94.7,46,188,24.5,0,0.0,0.0,0.0,0,5,1,0,0
ENG-Premier League,1920,Southampton,Che Adams,SCO,FW,23,1996,12.3,162,263,61.6,2292,522,97,124,78.2,44,73,60.3,9,19,47.4,2,1.7,0.6,0.3,13,9,3,0,16
ENG-Premier League,1920,Southampton,Cédric Soares,POR,DF,27,1991,14.5,513,737,69.6,7830,3538,300,344,87.2,167,242,69.0,34,110,30.9,1,0.7,1.2,0.3,11,31,18,13,47
ENG-Premier League,1920,Southampton,Danny Ings,ENG,FW,27,1992,31.2,410,680,60.3,5939,1574,230,332,69.3,121,195,62.1,29,71,40.8,2,2.7,2.3,-0.7,35,38,23,4,75
ENG-Premier League,1920,Southampton,Jack Stephens,ENG,DF,25,1994,27.2,933,1299,71.8,19509,7922,268,331,81.0,539,653,82.5,119,271,43.9,3,1.4,1.0,1.6,8,80,12,0,81
ENG-Premier League,1920,Southampton,Jake Vokins,ENG,DF,19,2000,1.0,57,71,80.3,922,312,26,27,96.3,23,29,79.3,5,9,55.6,0,0.1,0.1,-0.1,1,6,2,0,3
ENG-Premier League,1920,Southampton,James Ward-Prowse,ENG,"MF,DF",24,1994,38.0,1444,1988,72.6,24974,7797,652,756,86.2,607,757,80.2,141,373,37.8,3,6.8,5.9,-3.8,62,144,33,8,170
ENG-Premier League,1920,Southampton,Jan Bednarek,POL,DF,23,1996,34.0,1183,1595,74.2,21460,8491,480,568,84.5,589,758,77.7,103,222,46.4,1,1.1,0.7,-0.1,3,57,2,0,90
ENG-Premier League,1920,Southampton,Jannik Vestergaard,DEN,DF,26,1992,16.6,645,854,75.5,11924,4460,241,289,83.4,350,433,80.8,49,117,41.9,0,0.5,0.2,-0.5,6,54,5,1,55
ENG-Premier League,1920,Southampton,Kevin Danso,AUT,DF,20,1998,3.1,116,167,69.5,1850,752,66,80,82.5,39,60,65.0,10,21,47.6,1,0.2,0.1,0.8,2,12,1,0,12
ENG-Premier League,1920,Southampton,Kyle Walker-Peters,ENG,DF,22,1997,7.8,339,450,75.3,5141,1478,192,222,86.5,120,158,75.9,18,42,42.9,0,0.6,0.3,-0.6,4,21,9,0,18
ENG-Premier League,1920,Southampton,Maya Yoshida,JPN,DF,30,1988,6.2,213,271,78.6,3694,1520,101,110,91.8,89,106,84.0,18,43,41.9,0,0.0,0.0,0.0,0,11,0,0,12
ENG-Premier League,1920,Southampton,Michael Obafemi,IRL,FW,19,2000,7.4,110,139,79.1,1270,196,74,85,87.1,24,32,75.0,3,4,75.0,2,1.1,0.8,0.9,10,2,2,0,7
ENG-Premier League,1920,Southampton,Moussa Djenepo,MLI,"MF,DF",21,1998,10.3,188,270,69.6,2553,814,114,134,85.1,52,79,65.8,9,24,37.5,2,1.9,1.4,0.1,11,13,11,1,27
ENG-Premier League,1920,Southampton,Nathan Redmond,ENG,"MF,FW",25,1994,30.7,763,1072,71.2,11856,2570,414,499,83.0,257,346,74.3,56,128,43.8,4,3.3,2.7,0.7,36,56,38,7,104
ENG-Premier League,1920,Southampton,Nathan Tella,NGA,FW,20,1999,0.0,0,1,0.0,0,0,0,1,0.0,0,0,,0,0,,0,0.0,0.0,0.0,0,0,0,0,0
ENG-Premier League,1920,Southampton,Oriol Romeu,ESP,MF,27,1991,20.7,871,1083,80.4,14768,4205,388,449,86.4,394,471,83.7,64,105,61.0,0,1.6,1.0,-1.6,19,88,17,3,110
ENG-Premier League,1920,Southampton,Pierre Højbjerg,DEN,MF,23,1995,30.6,1446,1870,77.3,25247,7081,647,764,84.7,621,787,78.9,141,235,60.0,1,1.8,1.7,-0.8,30,159,27,7,219
ENG-Premier League,1920,Southampton,Ryan Bertrand,ENG,DF,29,1989,30.5,1250,1702,73.4,19485,8031,726,840,86.4,411,545,75.4,81,197,41.1,1,3.3,3.8,-2.3,30,104,32,16,130
ENG-Premier League,1920,Southampton,Shane Long,IRL,FW,32,1987,15.5,210,402,52.2,2470,652,152,241,63.1,35,82,42.7,6,19,31.6,2,2.4,1.3,-0.4,20,17,10,2,20
ENG-Premier League,1920,Southampton,Sofiane Boufal,MAR,"MF,FW",25,1993,8.5,232,321,72.3,3322,947,145,180,80.6,66,92,71.7,12,27,44.4,2,2.9,1.4,-0.9,15,24,8,2,41
ENG-Premier League,1920,Southampton,Stuart Armstrong,SCO,MF,27,1992,19.1,464,616,75.3,6611,2171,265,323,82.0,154,191,80.6,22,35,62.9,3,2.0,1.4,1.0,18,36,22,4,71
ENG-Premier League,1920,Southampton,William Smallbone,IRL,MF,19,2000,4.4,175,213,82.2,2879,645,86,102,84.3,64,74,86.5,17,24,70.8,2,0.2,0.2,1.8,3,21,3,1,12
ENG-Premier League,1920,Southampton,Yan Valery,TUN,DF,20,1999,8.7,191,320,59.7,2961,1141,107,135,79.3,71,117,60.7,10,47,21.3,0,1.0,0.8,-1.0,2,9,2,1,14
ENG-Premier League,1920,Tottenham,Ben Davies,WAL,DF,26,1993,15.9,733,978,74.9,11305,4563,392,445,88.1,278,380,73.2,42,91,46.2,0,0.9,0.6,-0.9,9,52,10,7,53
ENG-Premier League,1920,Tottenham,Christian Eriksen,DEN,"MF,FW",27,1992,12.2,563,761,74.0,8861,2703,316,362,87.3,162,226,71.7,57,117,48.7,2,1.9,1.8,0.1,24,51,23,1,74
ENG-Premier League,1920,Tottenham,Danny Rose,ENG,DF,29,1990,9.9,437,580,75.3,6735,2765,256,290,88.3,157,212,74.1,19,50,38.0,0,0.6,0.5,-0.6,11,37,12,4,65
ENG-Premier League,1920,Tottenham,Davinson Sánchez,COL,DF,23,1996,27.0,1340,1564,85.7,24736,8130,476,522,91.2,735,804,91.4,107,189,56.6,0,0.0,0.1,0.0,1,44,0,0,53
ENG-Premier League,1920,Tottenham,Dele Alli,ENG,"MF,FW",23,1996,20.5,632,841,75.1,8846,2173,345,414,83.3,212,252,84.1,28,56,50.0,4,3.5,2.9,0.5,23,43,22,0,69
ENG-Premier League,1920,Tottenham,Eric Dier,ENG,"DF,MF",25,1994,14.9,738,922,80.0,13834,4583,272,319,85.3,376,429,87.6,74,132,56.1,2,0.4,0.4,1.6,7,51,2,0,37
ENG-Premier League,1920,Tottenham,Gedson Fernandes,POR,"MF,DF",20,1999,0.8,39,53,73.6,461,114,28,32,87.5,7,14,50.0,1,1,100.0,0,0.1,0.1,-0.1,2,2,3,2,4
ENG-Premier League,1920,Tottenham,Georges-Kévin N'Koudou,CMR,FW,24,1995,0.0,0,0,,0,0,0,0,,0,0,,0,0,,0,0.0,0.0,0.0,0,0,0,0,0
ENG-Premier League,1920,Tottenham,Giovani Lo Celso,ARG,"MF,FW",23,1996,16.6,839,1034,81.1,13215,3649,428,479,89.4,287,341,84.2,72,123,58.5,2,1.6,1.5,0.4,29,81,22,0,112
ENG-Premier League,1920,Tottenham,Harry Kane,ENG,FW,26,1993,28.7,380,581,65.4,5829,1736,221,300,73.7,102,150,68.0,37,76,48.7,2,3.3,2.7,-1.3,27,52,18,2,76
ENG-Premier League,1920,Tottenham,Harry Winks,ENG,MF,23,1996,24.7,1542,1731,89.1,25914,7843,740,796,93.0,642,707,90.8,125,172,72.7,0,1.0,1.5,-1.0,18,148,12,3,190
ENG-Premier League,1920,Tottenham,Hugo Lloris,FRA,GK,32,1986,20.1,414,573,72.3,11600,8725,106,108,98.1,153,155,98.7,149,302,49.3,0,0.0,0.0,0.0,0,5,0,0,0
ENG-Premier League,1920,Tottenham,Jan Vertonghen,BEL,DF,32,1987,18.3,958,1187,80.7,17105,5808,395,439,90.0,485,559,86.8,64,140,45.7,1,0.9,0.3,0.1,3,45,0,0,58
ENG-Premier League,1920,Tottenham,Japhet Tanganga,ENG,DF,20,1999,5.8,190,236,80.5,2682,911,112,123,91.1,62,78,79.5,6,15,40.0,0,0.1,0.0,-0.1,1,8,0,0,14
ENG-Premier League,1920,Tottenham,Juan Foyth,ARG,DF,21,1998,0.8,54,65,83.1,834,303,29,33,87.9,22,26,84.6,2,4,50.0,0,0.0,0.0,0.0,1,3,0,0,4
ENG-Premier League,1920,Tottenham,Kyle Walker-Peters,ENG,DF,22,1997,2.7,182,215,84.7,2550,626,122,126,96.8,49,61,80.3,7,17,41.2,0,0.1,0.1,-0.1,2,7,2,0,15
ENG-Premier League,1920,Tottenham,Lucas Moura,BRA,"FW,MF",26,1992,24.9,575,802,71.7,7257,2049,379,457,82.9,141,214,65.9,17,37,45.9,4,3.2,2.5,0.8,34,41,32,1,69
ENG-Premier League,1920,Tottenham,Moussa Sissoko,FRA,MF,29,1989,27.2,1135,1322,85.9,17058,3674,619,696,88.9,398,447,89.0,63,88,71.6,1,1.1,1.4,-0.1,16,80,9,1,96
ENG-Premier League,1920,Tottenham,Oliver Skipp,ENG,MF,18,2000,0.9,34,38,89.5,543,153,17,19,89.5,14,15,93.3,3,4,75.0,0,0.0,0.0,0.0,0,3,0,0,5
ENG-Premier League,1920,Tottenham,Paulo Gazzaniga,ARG,GK,27,1992,17.9,334,522,64.0,8663,6235,93,93,100.0,148,150,98.7,92,275,33.5,0,0.3,0.0,-0.3,1,5,0,0,0
ENG-Premier League,1920,Tottenham,Ryan Sessegnon,ENG,"DF,FW",19,2000,3.8,145,196,74.0,1931,755,92,105,87.6,40,55,72.7,6,17,35.3,0,0.1,0.1,-0.1,2,12,2,1,17
ENG-Premier League,1920,Tottenham,Serge Aurier,CIV,DF,26,1992,30.0,1263,1676,75.4,17830,6134,768,874,87.9,382,533,71.7,54,124,43.5,5,3.4,2.8,1.6,33,62,37,16,93
ENG-Premier League,1920,Tottenham,Son Heung-min,KOR,FW,27,1992,27.5,702,889,79.0,9573,2171,440,497,88.5,171,214,79.9,38,82,46.3,10,6.4,4.3,3.6,41,40,25,2,71
ENG-Premier League,1920,Tottenham,Steven Bergwijn,NED,"FW,MF",21,1997,7.8,216,256,84.4,2488,425,146,161,90.7,39,50,78.0,4,8,50.0,1,0.9,0.8,0.1,13,6,11,4,12
ENG-Premier League,1920,Tottenham,Tanguy Ndombele,FRA,MF,22,1996,11.2,543,648,83.8,8292,2610,290,323,89.8,197,222,88.7,34,53,64.2,2,0.7,1.0,1.3,12,60,9,0,77
ENG-Premier League,1920,Tottenham,Toby Alderweireld,BEL,DF,30,1989,32.9,1630,2009,81.1,33738,10390,480,531,90.4,924,1021,90.5,216,414,52.2,2,1.3,1.4,0.7,11,110,13,2,96
ENG-Premier League,1920,Tottenham,Troy Parrott,IRL,FW,17,2002,0.1,4,4,100.0,68,12,1,1,100.0,3,3,100.0,0,0,,0,0.0,0.0,0.0,0,0,0,0,0
ENG-Premier League,1920,Tottenham,Victor Wanyama,KEN,MF,28,1991,0.3,18,20,90.0,346,130,4,6,66.7,12,12,100.0,1,1,100.0,0,0.0,0.0,0.0,0,1,0,0,5
ENG-Premier League,1920,Tottenham,Érik Lamela,ARG,"MF,FW",27,1992,13.5,461,593,77.7,6263,1265,292,326,89.6,105,133,78.9,32,67,47.8,1,1.1,1.4,-0.1,18,28,19,1,45
ENG-Premier League,1920,Watford,Abdoulaye Doucouré,MLI,MF,26,1993,35.1,1320,1712,77.1,19007,4672,714,862,82.8,456,548,83.2,61,101,60.4,2,3.9,2.8,-1.9,38,120,27,2,161
ENG-Premier League,1920,Watford,Adam Masina,MAR,DF,25,1994,20.2,574,962,59.7,10202,5055,276,342,80.7,223,367,60.8,65,198,32.8,0,0.6,0.7,-0.6,11,53,13,11,73
ENG-Premier League,1920,Watford,Adrian Mariappa,JAM,DF,32,1986,16.8,426,615,69.3,7151,3376,206,241,85.5,173,256,67.6,34,83,41.0,0,0.2,0.2,-0.2,4,35,3,3,38
ENG-Premier League,1920,Watford,Andre Gray,JAM,FW,28,1991,8.4,98,155,63.2,1184,282,64,86,74.4,16,28,57.1,5,9,55.6,0,1.8,0.8,-1.8,10,7,8,0,15
ENG-Premier League,1920,Watford,Ben Foster,ENG,GK,36,1983,38.0,552,1221,45.2,22850,20464,44,46,95.7,147,152,96.7,361,1009,35.8,0,0.0,0.1,0.0,1,30,1,0,0
ENG-Premier League,1920,Watford,Christian Kabasele,BEL,DF,28,1991,25.0,488,671,72.7,9649,4109,175,219,79.9,227,279,81.4,74,150,49.3,2,0.9,0.1,1.1,6,33,1,0,36
ENG-Premier League,1920,Watford,Craig Cathcart,NIR,DF,30,1989,27.6,742,922,80.5,13808,4884,277,314,88.2,364,421,86.5,79,146,54.1,0,0.1,0.1,-0.1,2,33,3,1,61
ENG-Premier League,1920,Watford,Craig Dawson,ENG,DF,29,1990,26.2,741,962,77.0,15418,5835,235,276,85.1,376,433,86.8,118,216,54.6,0,0.5,0.4,-0.5,5,51,2,0,63
ENG-Premier League,1920,Watford,Danny Welbeck,ENG,"FW,MF",28,1990,9.1,125,168,74.4,1459,320,80,101,79.2,34,45,75.6,2,3,66.7,0,0.2,0.2,-0.2,3,8,3,0,10
ENG-Premier League,1920,Watford,Daryl Janmaat,NED,DF,30,1989,6.7,257,346,74.3,3745,1347,152,170,89.4,82,102,80.4,16,52,30.8,1,0.5,0.8,0.5,6,25,8,5,29
ENG-Premier League,1920,Watford,Dimitri Foulquier,FRA,"DF,MF",26,1993,0.7,9,12,75.0,135,62,5,6,83.3,4,5,80.0,0,0,,0,0.0,0.0,0.0,0,1,0,0,3
ENG-Premier League,1920,Watford,Domingos Quina,POR,"MF,FW",19,1999,0.2,10,10,100.0,120,30,7,7,100.0,2,2,100.0,0,0,,0,0.0,0.0,0.0,0,0,1,0,1
ENG-Premier League,1920,Watford,Gerard Deulofeu,ESP,FW,25,1994,23.3,598,829,72.1,8395,2071,348,401,86.8,166,228,72.8,40,86,46.5,5,4.1,4.1,0.9,44,26,28,1,63
ENG-Premier League,1920,Watford,Ignacio Pussetto,ARG,"FW,MF",23,1995,0.8,20,36,55.6,299,116,13,17,76.5,4,8,50.0,2,8,25.0,0,0.0,0.1,0.0,0,1,1,0,3
ENG-Premier League,1920,Watford,Isaac Success,NGA,"FW,MF",23,1996,0.8,14,20,70.0,149,26,7,11,63.6,4,6,66.7,0,0,,0,0.1,0.0,-0.1,1,0,2,0,2
ENG-Premier League,1920,Watford,Ismaila Sarr,SEN,"FW,MF",21,1998,22.5,420,594,70.7,5557,1437,264,314,84.1,100,168,59.5,21,41,51.2,4,4.5,3.2,-0.5,25,17,32,14,41
ENG-Premier League,1920,Watford,José Holebas,GRE,DF,35,1984,11.4,419,620,67.6,6747,3037,217,259,83.8,149,220,67.7,39,109,35.8,0,0.7,0.9,-0.7,11,31,9,5,51
ENG-Premier League,1920,Watford,João Pedro,BRA,"FW,MF",17,2001,0.3,8,12,66.7,118,21,4,4,100.0,4,5,80.0,0,1,0.0,0,0.0,0.3,0.0,0,0,1,1,1
ENG-Premier League,1920,Watford,Kiko Femenía,ESP,DF,28,1991,24.9,988,1290,76.6,14191,5743,605,686,88.2,290,407,71.3,58,127,45.7,0,1.4,1.8,-1.4,18,52,27,15,85
ENG-Premier League,1920,Watford,Nathaniel Chalobah,ENG,MF,24,1994,10.3,261,370,70.5,3909,1172,142,181,78.5,87,106,82.1,18,44,40.9,1,1.3,0.8,-0.3,9,23,4,0,35
ENG-Premier League,1920,Watford,Roberto Pereyra,ARG,"FW,MF",28,1991,18.3,540,662,81.6,7482,1632,330,378,87.3,160,186,86.0,24,51,47.1,0,1.5,2.1,-1.5,20,33,12,4,48
ENG-Premier League,1920,Watford,Sebastian Prödl,AUT,DF,32,1987,0.6,6,11,54.5,63,34,5,6,83.3,1,3,33.3,0,2,0.0,0,0.0,0.0,0.0,0,0,0,0,0
ENG-Premier League,1920,Watford,Tom Cleverley,ENG,MF,29,1989,10.8,369,467,79.0,5183,1761,227,241,94.2,93,126,73.8,24,59,40.7,0,0.7,1.0,-0.7,15,32,14,3,49
ENG-Premier League,1920,Watford,Troy Deeney,ENG,FW,31,1988,24.7,386,727,53.1,5100,1807,231,381,60.6,104,208,50.0,15,36,41.7,2,3.5,1.8,-1.5,29,51,20,1,81
ENG-Premier League,1920,Watford,Will Hughes,ENG,MF,24,1995,25.0,679,916,74.1,9200,3365,414,479,86.4,182,246,74.0,34,88,38.6,1,2.1,2.6,-1.1,25,69,23,2,87
ENG-Premier League,1920,Watford,Étienne Capoue,FRA,MF,31,1988,29.2,1180,1465,80.5,21643,6104,536,612,87.6,453,520,87.1,154,249,61.8,3,3.3,2.7,-0.3,20,117,10,1,132
ENG-Premier League,1920,West Ham,Aaron Cresswell,ENG,DF,29,1989,30.3,1232,1705,72.3,20084,9913,676,753,89.8,425,597,71.2,110,256,43.0,0,3.2,2.2,-3.2,26,135,21,17,166
ENG-Premier League,1920,West Ham,Albian Ajeti,SUI,FW,22,1997,1.5,12,15,80.0,117,6,9,12,75.0,1,1,100.0,0,0,,0,0.1,0.0,-0.1,2,1,0,0,0
ENG-Premier League,1920,West Ham,Andriy Yarmolenko,UKR,"MF,FW",29,1989,11.0,331,425,77.9,5093,1146,193,218,88.5,95,125,76.0,30,53,56.6,1,3.5,2.0,-2.5,19,17,11,2,41
ENG-Premier League,1920,West Ham,Angelo Ogbonna,ITA,DF,31,1988,31.0,745,984,75.7,15016,6089,233,272,85.7,410,489,83.8,98,199,49.2,0,0.1,0.3,-0.1,2,45,1,0,50
ENG-Premier League,1920,West Ham,Arthur Masuaku,COD,DF,25,1993,10.4,476,609,78.2,6764,2668,303,348,87.1,137,167,82.0,23,53,43.4,1,1.2,0.9,-0.2,7,32,5,3,40
ENG-Premier League,1920,West Ham,Ben Johnson,ENG,DF,19,2000,3.0,110,162,67.9,1741,877,62,71,87.3,36,52,69.2,8,24,33.3,0,0.1,0.1,-0.1,1,15,3,2,19
ENG-Premier League,1920,West Ham,Carlos Sánchez,COL,MF,33,1986,1.3,48,59,81.4,790,253,22,24,91.7,21,27,77.8,4,7,57.1,0,0.0,0.0,0.0,0,3,0,0,5
ENG-Premier League,1920,West Ham,Darren Randolph,IRL,GK,32,1987,2.0,22,41,53.7,968,911,2,2,100.0,4,4,100.0,16,34,47.1,0,0.0,0.0,0.0,0,1,0,0,0
ENG-Premier League,1920,West Ham,David Martin,ENG,GK,33,1986,4.8,56,124,45.2,2643,2494,2,3,66.7,11,13,84.6,43,107,40.2,0,0.0,0.0,0.0,0,3,0,0,0
ENG-Premier League,1920,West Ham,Declan Rice,ENG,MF,20,1999,38.0,1506,1768,85.2,28014,7897,654,723,90.5,618,692,89.3,199,274,72.6,3,1.4,1.4,1.6,21,185,21,8,180
ENG-Premier League,1920,West Ham,Fabián Balbuena,PAR,DF,27,1991,13.1,365,512,71.3,7542,3221,121,155,78.1,186,221,84.2,55,119,46.2,0,0.5,0.2,-0.5,1,25,2,0,35
ENG-Premier League,1920,West Ham,Felipe Anderson,BRA,"MF,FW",26,1993,16.6,727,945,76.9,11062,3031,440,527,83.5,207,257,80.5,58,89,65.2,4,3.1,2.8,0.9,25,56,34,4,100
ENG-Premier League,1920,West Ham,Issa Diop,FRA,DF,22,1997,30.7,762,979,77.8,14303,6015,281,329,85.4,393,450,87.3,75,165,45.5,1,1.2,0.9,-0.2,5,44,2,0,44
ENG-Premier League,1920,West Ham,Jack Wilshere,ENG,MF,27,1992,2.4,62,75,82.7,881,158,35,41,85.4,23,25,92.0,2,4,50.0,0,0.0,0.0,0.0,0,4,0,0,8
ENG-Premier League,1920,West Ham,Jarrod Bowen,ENG,"FW,MF",22,1996,10.2,179,273,65.6,3304,1080,79,96,82.3,70,94,74.5,26,57,45.6,4,2.7,2.7,1.3,15,15,9,6,19
ENG-Premier League,1920,West Ham,Javier Hernández,MEX,FW,31,1988,1.2,17,20,85.0,243,55,6,7,85.7,8,9,88.9,0,0,,0,0.0,0.0,0.0,0,1,0,0,3
ENG-Premier League,1920,West Ham,Jeremy Ngakia,ENG,DF,18,2000,4.9,87,163,53.4,1286,724,53,72,73.6,22,44,50.0,8,33,24.2,0,0.0,0.1,0.0,0,3,2,1,4
ENG-Premier League,1920,West Ham,Manuel Lanzini,ARG,"MF,FW",26,1993,15.3,674,806,83.6,10014,2796,385,431,89.3,201,231,87.0,50,82,61.0,2,2.2,1.7,-0.2,31,79,12,2,77
ENG-Premier League,1920,West Ham,Mark Noble,ENG,MF,32,1987,29.7,1270,1565,81.2,23225,7008,545,626,87.1,528,619,85.3,162,234,69.2,3,3.1,3.0,-0.1,43,138,27,7,198
ENG-Premier League,1920,West Ham,Michail Antonio,JAM,FW,29,1990,19.6,329,524,62.8,4662,1128,189,250,75.6,85,137,62.0,26,52,50.0,3,3.7,3.5,-0.7,25,18,17,7,39
ENG-Premier League,1920,West Ham,Nathan Holland,ENG,MF,21,1998,0.4,10,14,71.4,112,41,8,9,88.9,1,3,33.3,0,0,,0,0.0,0.0,0.0,0,1,0,0,1
ENG-Premier League,1920,West Ham,Pablo Fornals,ESP,"MF,FW",23,1996,24.1,678,909,74.6,9935,2578,400,455,87.9,189,255,74.1,53,101,52.5,5,2.5,1.8,2.5,19,61,23,3,91
ENG-Premier League,1920,West Ham,Pablo Zabaleta,ARG,DF,34,1985,6.6,242,330,73.3,3544,1592,146,168,86.9,84,115,73.0,8,26,30.8,0,0.4,0.3,-0.4,3,22,5,1,29
ENG-Premier League,1920,West Ham,Robert Snodgrass,SCO,"MF,FW",31,1987,16.8,433,646,67.0,7212,2456,239,288,83.0,136,192,70.8,52,120,43.3,5,3.2,3.7,1.8,33,30,9,2,57
ENG-Premier League,1920,West Ham,Roberto,ESP,GK,33,1986,7.6,112,230,48.7,4057,3573,17,17,100.0,40,40,100.0,55,172,32.0,0,0.0,0.0,0.0,0,3,0,0,0
ENG-Premier League,1920,West Ham,Ryan Fredericks,ENG,DF,26,1992,24.9,797,1122,71.0,12092,5291,462,545,84.8,266,375,70.9,55,129,42.6,3,2.6,3.1,0.4,21,48,24,15,72
ENG-Premier League,1920,West Ham,Sébastien Haller,CIV,FW,25,1994,25.2,506,779,65.0,6620,1336,327,475,68.8,122,181,67.4,25,37,67.6,1,2.5,2.3,-1.5,24,52,13,0,59
ENG-Premier League,1920,West Ham,Tomáš Souček,CZE,MF,24,1995,11.6,277,399,69.4,4561,1331,131,179,73.2,110,149,73.8,26,45,57.8,0,0.3,0.3,-0.3,5,34,3,0,40
ENG-Premier League,1920,West Ham,Łukasz Fabiański,POL,GK,34,1985,23.5,386,678,56.9,15775,13749,28,28,100.0,109,116,94.0,248,525,47.2,0,0.0,0.0,0.0,0,12,0,0,0
ENG-Premier League,1920,Wolves,Adama Traoré,ESP,"FW,DF",23,1996,28.9,614,952,64.5,9406,2530,335,425,78.8,202,311,65.0,41,97,42.3,9,6.6,6.5,2.4,48,55,41,28,88
ENG-Premier League,1920,Wolves,Bruno Jordão,POR,FW,20,1998,0.1,4,6,66.7,77,34,1,2,50.0,3,3,100.0,0,0,,0,0.1,0.2,-0.1,1,0,1,0,1
ENG-Premier League,1920,Wolves,Conor Coady,ENG,DF,26,1993,38.0,1573,1853,84.9,38135,17274,329,357,92.2,848,912,93.0,383,552,69.4,0,0.5,0.6,-0.5,5,112,7,0,64
ENG-Premier League,1920,Wolves,Daniel Podence,POR,"FW,MF",23,1995,3.2,70,101,69.3,954,172,34,42,81.0,23,35,65.7,3,8,37.5,0,0.7,0.2,-0.7,5,6,4,1,9
ENG-Premier League,1920,Wolves,Diogo Jota,POR,FW,22,1996,25.4,682,886,77.0,9768,1810,377,444,84.9,212,262,80.9,39,54,72.2,1,2.7,1.9,-1.7,29,41,20,4,68
ENG-Premier League,1920,Wolves,Jesús Vallejo,ESP,DF,22,1997,1.8,92,119,77.3,1813,669,33,36,91.7,41,47,87.2,15,31,48.4,0,0.0,0.0,0.0,0,7,1,1,6
ENG-Premier League,1920,Wolves,Jonny Castro,ESP,"MF,DF",25,1994,32.1,1177,1451,81.1,15340,5071,731,810,90.2,333,426,78.2,38,68,55.9,2,1.3,1.3,0.7,23,47,16,6,97
ENG-Premier League,1920,Wolves,João Moutinho,POR,MF,32,1986,34.5,1647,2071,79.5,32707,8779,584,665,87.8,729,850,85.8,274,436,62.8,6,7.9,6.0,-1.9,77,155,29,11,216
ENG-Premier League,1920,Wolves,Leander Dendoncker,BEL,"MF,DF",24,1995,31.1,1108,1339,82.7,19473,4802,461,552,83.5,501,568,88.2,104,124,83.9,0,0.7,0.5,-0.7,9,46,3,1,68
ENG-Premier League,1920,Wolves,Matt Doherty,IRL,"MF,DF",27,1992,31.5,1392,1854,75.1,20176,8073,817,961,85.0,428,597,71.7,83,148,56.1,3,2.2,2.1,0.8,21,83,24,7,158
ENG-Premier League,1920,Wolves,Max Kilman,ENG,DF,22,1997,2.1,78,102,76.5,1275,537,33,36,91.7,42,51,82.4,2,8,25.0,0,0.0,0.0,0.0,0,4,0,0,10
ENG-Premier League,1920,Wolves,Morgan Gibbs-White,ENG,"MF,FW",19,2000,1.4,64,83,77.1,962,230,32,37,86.5,26,33,78.8,2,6,33.3,0,0.1,0.1,-0.1,3,3,2,0,6
ENG-Premier League,1920,Wolves,Patrick Cutrone,ITA,FW,21,1998,3.3,42,65,64.6,474,79,24,33,72.7,11,17,64.7,0,5,0.0,0,0.3,0.4,-0.3,2,2,1,1,1
ENG-Premier League,1920,Wolves,Pedro Neto,POR,"FW,MF",19,2000,10.4,303,400,75.8,4375,773,168,198,84.8,86,111,77.5,20,36,55.6,3,2.6,1.7,0.4,14,9,7,4,23
ENG-Premier League,1920,Wolves,Raúl Jiménez,MEX,FW,28,1991,36.0,730,1031,70.8,10233,2468,420,515,81.6,169,234,72.2,67,109,61.5,6,7.0,5.1,-1.0,48,67,25,3,102
ENG-Premier League,1920,Wolves,Romain Saïss,MAR,DF,29,1990,30.1,1285,1649,77.9,25611,9820,439,505,86.9,655,774,84.6,171,313,54.6,1,1.3,0.4,-0.3,12,113,6,1,132
ENG-Premier League,1920,Wolves,Rui Patrício,POR,GK,31,1988,38.0,567,864,65.6,20538,16472,41,43,95.3,191,192,99.5,334,623,53.6,0,0.0,0.0,0.0,0,4,0,0,0
ENG-Premier League,1920,Wolves,Ryan Bennett,ENG,DF,29,1990,6.7,182,245,74.3,3384,1337,71,78,91.0,83,104,79.8,20,51,39.2,0,0.1,0.3,-0.1,2,17,2,1,17
ENG-Premier League,1920,Wolves,Rúben Neves,POR,MF,22,1997,34.0,1635,2070,79.0,34616,9325,523,618,84.6,752,878,85.6,324,487,66.5,2,2.2,1.6,-0.2,29,194,23,6,216
ENG-Premier League,1920,Wolves,Rúben Vinagre,POR,"MF,DF",20,1999,7.2,255,342,74.6,3595,1129,168,191,88.0,72,98,73.5,11,26,42.3,0,0.6,0.6,-0.6,4,11,8,8,8
ENG-Premier League,1920,Wolves,Willy Boly,CIV,DF,28,1991,22.0,798,991,80.5,13716,5642,358,394,90.9,370,425,87.1,54,126,42.9,1,1.1,0.5,-0.1,7,39,3,0,48
